{
  "annotations": {
    "list": [
      {
        "builtIn": 1,
        "datasource": {
          "type": "grafana",
          "uid": "-- Grafana --"
        },
        "enable": true,
        "hide": true,
        "iconColor": "rgba(0, 211, 255, 1)",
        "name": "Annotations & Alerts",
        "target": {
          "limit": 100,
          "matchAny": false,
          "tags": [],
          "type": "dashboard"
        },
        "type": "dashboard"
      }
    ]
  },
  "editable": true,
  "fiscalYearStartMonth": 0,
  "graphTooltip": 2,
  "id": 26,
  "links": [],
  "liveNow": false,
  "panels": [
    {
      "datasource": {
        "type": "postgres",
        "uid": "postgres_lynus"
      },
      "fieldConfig": {
        "defaults": {
          "color": {
            "mode": "palette-classic"
          },
          "custom": {
            "axisCenteredZero": false,
            "axisColorMode": "text",
            "axisLabel": "",
            "axisPlacement": "auto",
            "barAlignment": 0,
            "drawStyle": "line",
            "fillOpacity": 0,
            "gradientMode": "none",
            "hideFrom": {
              "legend": false,
              "tooltip": false,
              "viz": false
            },
            "lineInterpolation": "linear",
            "lineWidth": 1,
            "pointSize": 5,
            "scaleDistribution": {
              "type": "linear"
            },
            "showPoints": "auto",
            "spanNulls": false,
            "stacking": {
              "group": "A",
              "mode": "none"
            },
            "thresholdsStyle": {
              "mode": "off"
            }
          },
          "mappings": [],
          "thresholds": {
            "mode": "absolute",
            "steps": [
              {
                "color": "green",
                "value": null
              },
              {
                "color": "red",
                "value": 80
              }
            ]
          }
        },
        "overrides": [
          {
            "matcher": {
              "id": "byName",
              "options": "prgPV.lrPowerPV2"
            },
            "properties": [
              {
                "id": "color",
                "value": {
                  "fixedColor": "blue",
                  "mode": "fixed"
                }
              }
            ]
          },
          {
            "matcher": {
              "id": "byName",
              "options": "prgPV.lrPowerPV1"
            },
            "properties": [
              {
                "id": "color",
                "value": {
                  "fixedColor": "green",
                  "mode": "fixed"
                }
              }
            ]
          }
        ]
      },
      "gridPos": {
        "h": 13,
        "w": 24,
        "x": 0,
        "y": 0
      },
      "id": 2,
      "options": {
        "legend": {
          "calcs": [],
          "displayMode": "list",
          "placement": "bottom",
          "showLegend": true
        },
        "tooltip": {
          "mode": "multi",
          "sort": "desc"
        }
      },
      "targets": [
        {
          "datasource": {
            "type": "postgres",
            "uid": "postgres_lynus"
          },
          "format": "table",
          "group": [],
          "metricColumn": "none",
          "rawQuery": true,
          "rawSql": "SELECT\r\n  $__timeGroupAlias(\"time\",10s,previous),\r\n  unit AS metric,\r\n  avg(value) AS \"prgPV.lrPowerPV1\"\r\nFROM public.measurements\r\nWHERE\r\n  $__timeFilter(\"time\") AND\r\n  variable = (select id from public.measurements_meta where project ='a90dc4a4-59e6-4ba1-ad1f-62ca82f950cb' and variable = 'prgPV.lrPowerPV1')\r\nGROUP BY 1,2\r\nORDER BY 1,2\r\n",
          "refId": "A",
          "select": [
            [
              {
                "params": [
                  "value"
                ],
                "type": "column"
              }
            ]
          ],
          "table": "measurements",
          "timeColumn": "\"time\"",
          "timeColumnType": "timestamp",
          "where": [
            {
              "name": "$__timeFilter",
              "params": [],
              "type": "macro"
            }
          ]
        },
        {
          "datasource": {
            "type": "postgres",
            "uid": "postgres_lynus"
          },
          "format": "table",
          "group": [],
          "hide": false,
          "metricColumn": "none",
          "rawQuery": true,
          "rawSql": "SELECT\r\n  $__timeGroupAlias(\"time\",10s,previous),\r\n  unit AS metric,\r\n  avg(value) AS \"prgPV.lrPowerPV2\"\r\nFROM public.measurements\r\nWHERE\r\n  $__timeFilter(\"time\") AND\r\n  variable = (select id from public.measurements_meta where project ='a90dc4a4-59e6-4ba1-ad1f-62ca82f950cb' and variable = 'prgPV.lrPowerPV2')\r\nGROUP BY 1,2\r\nORDER BY 1,2\r\n",
          "refId": "B",
          "select": [
            [
              {
                "params": [
                  "value"
                ],
                "type": "column"
              }
            ]
          ],
          "table": "measurements",
          "timeColumn": "\"time\"",
          "timeColumnType": "timestamp",
          "where": [
            {
              "name": "$__timeFilter",
              "params": [],
              "type": "macro"
            }
          ]
        }
      ],
      "title": "Leistung",
      "type": "timeseries"
    },
    {
      "datasource": {
        "type": "postgres",
        "uid": "postgres_lynus"
      },
      "fieldConfig": {
        "defaults": {
          "color": {
            "mode": "palette-classic"
          },
          "custom": {
            "axisCenteredZero": false,
            "axisColorMode": "text",
            "axisLabel": "",
            "axisPlacement": "auto",
            "barAlignment": 0,
            "drawStyle": "line",
            "fillOpacity": 0,
            "gradientMode": "none",
            "hideFrom": {
              "legend": false,
              "tooltip": false,
              "viz": false
            },
            "lineInterpolation": "linear",
            "lineWidth": 1,
            "pointSize": 5,
            "scaleDistribution": {
              "type": "linear"
            },
            "showPoints": "auto",
            "spanNulls": false,
            "stacking": {
              "group": "A",
              "mode": "none"
            },
            "thresholdsStyle": {
              "mode": "off"
            }
          },
          "decimals": 1,
          "mappings": [],
          "thresholds": {
            "mode": "absolute",
            "steps": [
              {
                "color": "green",
                "value": null
              },
              {
                "color": "red",
                "value": 80
              }
            ]
          },
          "unit": "volt"
        },
        "overrides": []
      },
      "gridPos": {
        "h": 8,
        "w": 24,
        "x": 0,
        "y": 13
      },
      "id": 3,
      "options": {
        "legend": {
          "calcs": [],
          "displayMode": "list",
          "placement": "bottom",
          "showLegend": true
        },
        "tooltip": {
          "mode": "multi",
          "sort": "desc"
        }
      },
      "targets": [
        {
          "datasource": {
            "type": "postgres",
            "uid": "postgres_lynus"
          },
          "format": "table",
          "group": [],
          "metricColumn": "none",
          "rawQuery": true,
          "rawSql": "SELECT\r\n  $__timeGroupAlias(\"time\",1s,previous),\r\n  unit AS metric,\r\n  avg(value) AS \"prgPV.lrVoltagePV1_L1L2_V\"\r\nFROM public.measurements\r\nWHERE\r\n  $__timeFilter(\"time\") AND\r\n  variable = (select id from public.measurements_meta where project ='a90dc4a4-59e6-4ba1-ad1f-62ca82f950cb' and variable = 'prgPV.lrVoltagePV1_L1L2_V')\r\nGROUP BY 1,2\r\nORDER BY 1,2\r\n",
          "refId": "A",
          "select": [
            [
              {
                "params": [
                  "value"
                ],
                "type": "column"
              }
            ]
          ],
          "table": "measurements",
          "timeColumn": "\"time\"",
          "timeColumnType": "timestamp",
          "where": [
            {
              "name": "$__timeFilter",
              "params": [],
              "type": "macro"
            }
          ]
        },
        {
          "datasource": {
            "type": "postgres",
            "uid": "postgres_lynus"
          },
          "format": "table",
          "group": [],
          "hide": false,
          "metricColumn": "none",
          "rawQuery": true,
          "rawSql": "SELECT\r\n  $__timeGroupAlias(\"time\",1s,previous),\r\n  unit AS metric,\r\n  avg(value) AS \"prgPV.lrVoltagePV1_L2L3_V\"\r\nFROM public.measurements\r\nWHERE\r\n  $__timeFilter(\"time\") AND\r\n  variable = (select id from public.measurements_meta where project ='a90dc4a4-59e6-4ba1-ad1f-62ca82f950cb' and variable = 'prgPV.lrVoltagePV1_L2L3_V')\r\nGROUP BY 1,2\r\nORDER BY 1,2\r\n",
          "refId": "B",
          "select": [
            [
              {
                "params": [
                  "value"
                ],
                "type": "column"
              }
            ]
          ],
          "table": "measurements",
          "timeColumn": "\"time\"",
          "timeColumnType": "timestamp",
          "where": [
            {
              "name": "$__timeFilter",
              "params": [],
              "type": "macro"
            }
          ]
        },
        {
          "datasource": {
            "type": "postgres",
            "uid": "postgres_lynus"
          },
          "format": "table",
          "group": [],
          "hide": false,
          "metricColumn": "none",
          "rawQuery": true,
          "rawSql": "SELECT\r\n  $__timeGroupAlias(\"time\",1s,previous),\r\n  unit AS metric,\r\n  avg(value) AS \"prgPV.lrVoltagePV1_L3L1_V\"\r\nFROM public.measurements\r\nWHERE\r\n  $__timeFilter(\"time\") AND\r\n  variable = (select id from public.measurements_meta where project ='a90dc4a4-59e6-4ba1-ad1f-62ca82f950cb' and variable = 'prgPV.lrVoltagePV1_L3L1_V')\r\nGROUP BY 1,2\r\nORDER BY 1,2\r\n",
          "refId": "C",
          "select": [
            [
              {
                "params": [
                  "value"
                ],
                "type": "column"
              }
            ]
          ],
          "table": "measurements",
          "timeColumn": "\"time\"",
          "timeColumnType": "timestamp",
          "where": [
            {
              "name": "$__timeFilter",
              "params": [],
              "type": "macro"
            }
          ]
        }
      ],
      "title": "Spannungen PV1",
      "type": "timeseries"
    },
    {
      "datasource": {
        "type": "postgres",
        "uid": "postgres_lynus"
      },
      "fieldConfig": {
        "defaults": {
          "color": {
            "mode": "palette-classic"
          },
          "custom": {
            "axisCenteredZero": false,
            "axisColorMode": "text",
            "axisLabel": "",
            "axisPlacement": "auto",
            "barAlignment": 0,
            "drawStyle": "line",
            "fillOpacity": 0,
            "gradientMode": "none",
            "hideFrom": {
              "legend": false,
              "tooltip": false,
              "viz": false
            },
            "lineInterpolation": "linear",
            "lineWidth": 1,
            "pointSize": 5,
            "scaleDistribution": {
              "type": "linear"
            },
            "showPoints": "auto",
            "spanNulls": false,
            "stacking": {
              "group": "A",
              "mode": "none"
            },
            "thresholdsStyle": {
              "mode": "off"
            }
          },
          "decimals": 1,
          "mappings": [],
          "thresholds": {
            "mode": "absolute",
            "steps": [
              {
                "color": "green",
                "value": null
              },
              {
                "color": "red",
                "value": 80
              }
            ]
          },
          "unit": "volt"
        },
        "overrides": []
      },
      "gridPos": {
        "h": 8,
        "w": 24,
        "x": 0,
        "y": 21
      },
      "id": 5,
      "options": {
        "legend": {
          "calcs": [],
          "displayMode": "list",
          "placement": "bottom",
          "showLegend": true
        },
        "tooltip": {
          "mode": "multi",
          "sort": "desc"
        }
      },
      "targets": [
        {
          "datasource": {
            "type": "postgres",
            "uid": "postgres_lynus"
          },
          "format": "table",
          "group": [],
          "metricColumn": "none",
          "rawQuery": true,
          "rawSql": "SELECT\r\n  $__timeGroupAlias(\"time\",1s,previous),\r\n  unit AS metric,\r\n  avg(value) AS \"prgPV.lrVoltagePV2_L1L2_V\"\r\nFROM public.measurements\r\nWHERE\r\n  $__timeFilter(\"time\") AND\r\n  variable = (select id from public.measurements_meta where project ='a90dc4a4-59e6-4ba1-ad1f-62ca82f950cb' and variable = 'prgPV.lrVoltagePV2_L1L2_V')\r\nGROUP BY 1,2\r\nORDER BY 1,2\r\n",
          "refId": "A",
          "select": [
            [
              {
                "params": [
                  "value"
                ],
                "type": "column"
              }
            ]
          ],
          "table": "measurements",
          "timeColumn": "\"time\"",
          "timeColumnType": "timestamp",
          "where": [
            {
              "name": "$__timeFilter",
              "params": [],
              "type": "macro"
            }
          ]
        },
        {
          "datasource": {
            "type": "postgres",
            "uid": "postgres_lynus"
          },
          "format": "table",
          "group": [],
          "hide": false,
          "metricColumn": "none",
          "rawQuery": true,
          "rawSql": "SELECT\r\n  $__timeGroupAlias(\"time\",1s,previous),\r\n  unit AS metric,\r\n  avg(value) AS \"prgPV.lrVoltagePV2_L2L3_V\"\r\nFROM public.measurements\r\nWHERE\r\n  $__timeFilter(\"time\") AND\r\n  variable = (select id from public.measurements_meta where project ='a90dc4a4-59e6-4ba1-ad1f-62ca82f950cb' and variable = 'prgPV.lrVoltagePV2_L2L3_V')\r\nGROUP BY 1,2\r\nORDER BY 1,2\r\n",
          "refId": "B",
          "select": [
            [
              {
                "params": [
                  "value"
                ],
                "type": "column"
              }
            ]
          ],
          "table": "measurements",
          "timeColumn": "\"time\"",
          "timeColumnType": "timestamp",
          "where": [
            {
              "name": "$__timeFilter",
              "params": [],
              "type": "macro"
            }
          ]
        },
        {
          "datasource": {
            "type": "postgres",
            "uid": "postgres_lynus"
          },
          "format": "table",
          "group": [],
          "hide": false,
          "metricColumn": "none",
          "rawQuery": true,
          "rawSql": "SELECT\r\n  $__timeGroupAlias(\"time\",1s,previous),\r\n  unit AS metric,\r\n  avg(value) AS \"prgPV.lrVoltagePV2_L3L1_V\"\r\nFROM public.measurements\r\nWHERE\r\n  $__timeFilter(\"time\") AND\r\n  variable = (select id from public.measurements_meta where project ='a90dc4a4-59e6-4ba1-ad1f-62ca82f950cb' and variable = 'prgPV.lrVoltagePV2_L3L1_V')\r\nGROUP BY 1,2\r\nORDER BY 1,2\r\n",
          "refId": "C",
          "select": [
            [
              {
                "params": [
                  "value"
                ],
                "type": "column"
              }
            ]
          ],
          "table": "measurements",
          "timeColumn": "\"time\"",
          "timeColumnType": "timestamp",
          "where": [
            {
              "name": "$__timeFilter",
              "params": [],
              "type": "macro"
            }
          ]
        }
      ],
      "title": "Spannungen PV2",
      "type": "timeseries"
    },
    {
      "datasource": {
        "type": "postgres",
        "uid": "postgres_lynus"
      },
      "fieldConfig": {
        "defaults": {
          "color": {
            "mode": "palette-classic"
          },
          "custom": {
            "axisCenteredZero": false,
            "axisColorMode": "text",
            "axisLabel": "",
            "axisPlacement": "auto",
            "barAlignment": 0,
            "drawStyle": "line",
            "fillOpacity": 0,
            "gradientMode": "none",
            "hideFrom": {
              "legend": false,
              "tooltip": false,
              "viz": false
            },
            "lineInterpolation": "linear",
            "lineWidth": 1,
            "pointSize": 5,
            "scaleDistribution": {
              "type": "linear"
            },
            "showPoints": "auto",
            "spanNulls": false,
            "stacking": {
              "group": "A",
              "mode": "none"
            },
            "thresholdsStyle": {
              "mode": "off"
            }
          },
          "mappings": [],
          "thresholds": {
            "mode": "absolute",
            "steps": [
              {
                "color": "green",
                "value": null
              },
              {
                "color": "red",
                "value": 80
              }
            ]
          },
          "unit": "kwatth"
        },
        "overrides": []
      },
      "gridPos": {
        "h": 13,
        "w": 24,
        "x": 0,
        "y": 29
      },
      "id": 4,
      "options": {
        "legend": {
          "calcs": [],
          "displayMode": "list",
          "placement": "bottom",
          "showLegend": true
        },
        "tooltip": {
          "mode": "multi",
          "sort": "desc"
        }
      },
      "targets": [
        {
          "datasource": {
            "type": "postgres",
            "uid": "postgres_lynus"
          },
          "format": "table",
          "group": [],
          "metricColumn": "none",
          "rawQuery": true,
          "rawSql": "SELECT\r\n  $__timeGroupAlias(\"time\",10s,previous),\r\n  unit AS metric,\r\n  avg(value) AS \"prgPV.lrCounterPV1\"\r\nFROM public.measurements\r\nWHERE\r\n  $__timeFilter(\"time\") AND\r\n  variable = (select id from public.measurements_meta where project ='a90dc4a4-59e6-4ba1-ad1f-62ca82f950cb' and variable = 'prgPV.lrCounterPV1')\r\nGROUP BY 1,2\r\nORDER BY 1,2\r\n",
          "refId": "A",
          "select": [
            [
              {
                "params": [
                  "value"
                ],
                "type": "column"
              }
            ]
          ],
          "table": "measurements",
          "timeColumn": "\"time\"",
          "timeColumnType": "timestamp",
          "where": [
            {
              "name": "$__timeFilter",
              "params": [],
              "type": "macro"
            }
          ]
        },
        {
          "datasource": {
            "type": "postgres",
            "uid": "postgres_lynus"
          },
          "format": "table",
          "group": [],
          "hide": false,
          "metricColumn": "none",
          "rawQuery": true,
          "rawSql": "SELECT\r\n  $__timeGroupAlias(\"time\",10s,previous),\r\n  unit AS metric,\r\n  avg(value) AS \"prgPV.lrCounterPV2\"\r\nFROM public.measurements\r\nWHERE\r\n  $__timeFilter(\"time\") AND\r\n  variable = (select id from public.measurements_meta where project ='a90dc4a4-59e6-4ba1-ad1f-62ca82f950cb' and variable = 'prgPV.lrCounterPV2')\r\nGROUP BY 1,2\r\nORDER BY 1,2\r\n",
          "refId": "B",
          "select": [
            [
              {
                "params": [
                  "value"
                ],
                "type": "column"
              }
            ]
          ],
          "table": "measurements",
          "timeColumn": "\"time\"",
          "timeColumnType": "timestamp",
          "where": [
            {
              "name": "$__timeFilter",
              "params": [],
              "type": "macro"
            }
          ]
        }
      ],
      "title": "Energiezähler",
      "type": "timeseries"
    }
  ],
  "refresh": "5s",
  "schemaVersion": 37,
  "style": "dark",
  "tags": [],
  "templating": {
    "list": []
  },
  "time": {
    "from": "now-12h",
    "to": "now"
  },
  "timepicker": {},
  "timezone": "",
  "title": "Angerbauer",
  "uid": "HtiIkel4k",
  "version": 9,
  "weekStart": ""
}