{
  "annotations": {
    "list": [
      {
        "builtIn": 1,
        "datasource": {
          "type": "grafana",
          "uid": "-- Grafana --"
        },
        "enable": true,
        "hide": true,
        "iconColor": "rgba(0, 211, 255, 1)",
        "name": "Annotations & Alerts",
        "target": {
          "limit": 100,
          "matchAny": false,
          "tags": [],
          "type": "dashboard"
        },
        "type": "dashboard"
      }
    ]
  },
  "editable": true,
  "fiscalYearStartMonth": 0,
  "graphTooltip": 0,
  "id": 6,
  "links": [],
  "liveNow": true,
  "panels": [
    {
      "datasource": {
        "type": "postgres",
        "uid": "postgres_lynus"
      },
      "description": "",
      "fieldConfig": {
        "defaults": {
          "color": {
            "mode": "palette-classic"
          },
          "custom": {
            "axisCenteredZero": false,
            "axisColorMode": "text",
            "axisLabel": "",
            "axisPlacement": "auto",
            "barAlignment": 0,
            "drawStyle": "line",
            "fillOpacity": 0,
            "gradientMode": "none",
            "hideFrom": {
              "legend": false,
              "tooltip": false,
              "viz": false
            },
            "lineInterpolation": "linear",
            "lineWidth": 1,
            "pointSize": 5,
            "scaleDistribution": {
              "type": "linear"
            },
            "showPoints": "auto",
            "spanNulls": false,
            "stacking": {
              "group": "A",
              "mode": "none"
            },
            "thresholdsStyle": {
              "mode": "off"
            }
          },
          "mappings": [],
          "thresholds": {
            "mode": "absolute",
            "steps": [
              {
                "color": "green",
                "value": null
              }
            ]
          }
        },
        "overrides": [
          {
            "matcher": {
              "id": "byFrameRefID",
              "options": "A"
            },
            "properties": [
              {
                "id": "displayName",
                "value": "1450 prgPV.lrPowerPV"
              }
            ]
          },
          {
            "matcher": {
              "id": "byFrameRefID",
              "options": "C"
            },
            "properties": [
              {
                "id": "displayName",
                "value": "1551 prgGrid.lrGridPower"
              }
            ]
          },
          {
            "matcher": {
              "id": "byFrameRefID",
              "options": "D"
            },
            "properties": [
              {
                "id": "displayName",
                "value": "1619 prgEM.lrPowerVirtHouse"
              }
            ]
          },
          {
            "matcher": {
              "id": "byFrameRefID",
              "options": "B"
            },
            "properties": [
              {
                "id": "displayName",
                "value": "1262 prgCS.lrPowerCS"
              }
            ]
          },
          {
            "matcher": {
              "id": "byFrameRefID",
              "options": "E"
            },
            "properties": [
              {
                "id": "displayName",
                "value": "1473 prgBattery.lrPowerBattery"
              }
            ]
          }
        ]
      },
      "gridPos": {
        "h": 14,
        "w": 24,
        "x": 0,
        "y": 0
      },
      "id": 2,
      "options": {
        "legend": {
          "calcs": [
            "max",
            "min"
          ],
          "displayMode": "list",
          "placement": "bottom",
          "showLegend": true
        },
        "tooltip": {
          "mode": "multi",
          "sort": "none"
        }
      },
      "targets": [
        {
          "datasource": {
            "type": "postgres",
            "uid": "postgres_lynus"
          },
          "format": "time_series",
          "group": [],
          "hide": false,
          "metricColumn": "unit",
          "rawQuery": false,
          "rawSql": "SELECT\n  \"time\" AS \"time\",\n  unit AS metric,\n  value\nFROM public.measurements\nWHERE\n  $__timeFilter(\"time\") AND\n  variable = 1450\nORDER BY 1,2",
          "refId": "A",
          "select": [
            [
              {
                "params": [
                  "value"
                ],
                "type": "column"
              }
            ]
          ],
          "table": "public.measurements",
          "timeColumn": "\"time\"",
          "timeColumnType": "timestamptz",
          "where": [
            {
              "name": "$__timeFilter",
              "params": [],
              "type": "macro"
            },
            {
              "name": "",
              "params": [
                "variable",
                "=",
                "1450"
              ],
              "type": "expression"
            }
          ]
        },
        {
          "datasource": {
            "type": "postgres",
            "uid": "postgres_lynus"
          },
          "format": "time_series",
          "group": [],
          "hide": false,
          "metricColumn": "unit",
          "rawQuery": false,
          "rawSql": "SELECT\n  \"time\" AS \"time\",\n  unit AS metric,\n  value\nFROM public.measurements\nWHERE\n  $__timeFilter(\"time\") AND\n  variable = 1551\nORDER BY 1,2",
          "refId": "C",
          "select": [
            [
              {
                "params": [
                  "value"
                ],
                "type": "column"
              }
            ]
          ],
          "table": "public.measurements",
          "timeColumn": "\"time\"",
          "timeColumnType": "timestamptz",
          "where": [
            {
              "name": "$__timeFilter",
              "params": [],
              "type": "macro"
            },
            {
              "name": "",
              "params": [
                "variable",
                "=",
                "1551"
              ],
              "type": "expression"
            }
          ]
        },
        {
          "datasource": {
            "type": "postgres",
            "uid": "postgres_lynus"
          },
          "format": "time_series",
          "group": [],
          "hide": false,
          "metricColumn": "unit",
          "rawQuery": false,
          "rawSql": "SELECT\n  \"time\" AS \"time\",\n  unit AS metric,\n  value\nFROM public.measurements\nWHERE\n  $__timeFilter(\"time\") AND\n  variable = 1619\nORDER BY 1,2",
          "refId": "D",
          "select": [
            [
              {
                "params": [
                  "value"
                ],
                "type": "column"
              }
            ]
          ],
          "table": "public.measurements",
          "timeColumn": "\"time\"",
          "timeColumnType": "timestamptz",
          "where": [
            {
              "name": "$__timeFilter",
              "params": [],
              "type": "macro"
            },
            {
              "datatype": "int8",
              "name": "",
              "params": [
                "variable",
                "=",
                "1619"
              ],
              "type": "expression"
            }
          ]
        },
        {
          "datasource": {
            "type": "postgres",
            "uid": "postgres_lynus"
          },
          "format": "time_series",
          "group": [],
          "hide": false,
          "metricColumn": "unit",
          "rawQuery": false,
          "rawSql": "SELECT\n  \"time\" AS \"time\",\n  unit AS metric,\n  value\nFROM public.measurements\nWHERE\n  $__timeFilter(\"time\") AND\n  variable = 1262\nORDER BY 1,2",
          "refId": "B",
          "select": [
            [
              {
                "params": [
                  "value"
                ],
                "type": "column"
              }
            ]
          ],
          "table": "public.measurements",
          "timeColumn": "\"time\"",
          "timeColumnType": "timestamptz",
          "where": [
            {
              "name": "$__timeFilter",
              "params": [],
              "type": "macro"
            },
            {
              "datatype": "int8",
              "name": "",
              "params": [
                "variable",
                "=",
                "1262"
              ],
              "type": "expression"
            }
          ]
        },
        {
          "datasource": {
            "type": "postgres",
            "uid": "postgres_lynus"
          },
          "format": "time_series",
          "group": [],
          "hide": false,
          "metricColumn": "unit",
          "rawQuery": false,
          "rawSql": "SELECT\n  \"time\" AS \"time\",\n  unit AS metric,\n  value\nFROM public.measurements\nWHERE\n  $__timeFilter(\"time\") AND\n  variable = 1473\nORDER BY 1,2",
          "refId": "E",
          "select": [
            [
              {
                "params": [
                  "value"
                ],
                "type": "column"
              }
            ]
          ],
          "table": "public.measurements",
          "timeColumn": "\"time\"",
          "timeColumnType": "timestamptz",
          "where": [
            {
              "name": "$__timeFilter",
              "params": [],
              "type": "macro"
            },
            {
              "datatype": "int8",
              "name": "",
              "params": [
                "variable",
                "=",
                "1473"
              ],
              "type": "expression"
            }
          ]
        }
      ],
      "title": "Leistungen Katzenhofer",
      "type": "timeseries"
    },
    {
      "datasource": {
        "type": "postgres",
        "uid": "postgres_lynus"
      },
      "description": "",
      "fieldConfig": {
        "defaults": {
          "color": {
            "mode": "palette-classic"
          },
          "custom": {
            "axisCenteredZero": false,
            "axisColorMode": "text",
            "axisLabel": "",
            "axisPlacement": "auto",
            "barAlignment": 0,
            "drawStyle": "line",
            "fillOpacity": 0,
            "gradientMode": "none",
            "hideFrom": {
              "legend": false,
              "tooltip": false,
              "viz": false
            },
            "lineInterpolation": "linear",
            "lineWidth": 1,
            "pointSize": 5,
            "scaleDistribution": {
              "type": "linear"
            },
            "showPoints": "auto",
            "spanNulls": false,
            "stacking": {
              "group": "A",
              "mode": "none"
            },
            "thresholdsStyle": {
              "mode": "off"
            }
          },
          "mappings": [],
          "thresholds": {
            "mode": "absolute",
            "steps": [
              {
                "color": "green",
                "value": null
              }
            ]
          }
        },
        "overrides": [
          {
            "matcher": {
              "id": "byFrameRefID",
              "options": "C"
            },
            "properties": [
              {
                "id": "displayName",
                "value": "1551 prgGrid.lrGridPower"
              }
            ]
          },
          {
            "matcher": {
              "id": "byFrameRefID",
              "options": "B"
            },
            "properties": [
              {
                "id": "displayName",
                "value": "1262 prgCS.lrPowerCS"
              }
            ]
          },
          {
            "matcher": {
              "id": "byFrameRefID",
              "options": "E"
            },
            "properties": [
              {
                "id": "displayName",
                "value": "1473 prgBattery.lrPowerBattery"
              }
            ]
          }
        ]
      },
      "gridPos": {
        "h": 14,
        "w": 24,
        "x": 0,
        "y": 14
      },
      "id": 9,
      "options": {
        "legend": {
          "calcs": [
            "max",
            "min"
          ],
          "displayMode": "list",
          "placement": "bottom",
          "showLegend": true
        },
        "tooltip": {
          "mode": "multi",
          "sort": "none"
        }
      },
      "targets": [
        {
          "datasource": {
            "type": "postgres",
            "uid": "postgres_lynus"
          },
          "format": "time_series",
          "group": [],
          "hide": false,
          "metricColumn": "unit",
          "rawQuery": false,
          "rawSql": "SELECT\n  \"time\" AS \"time\",\n  unit AS metric,\n  value\nFROM public.measurements\nWHERE\n  $__timeFilter(\"time\") AND\n  variable = 1551\nORDER BY 1,2",
          "refId": "C",
          "select": [
            [
              {
                "params": [
                  "value"
                ],
                "type": "column"
              }
            ]
          ],
          "table": "public.measurements",
          "timeColumn": "\"time\"",
          "timeColumnType": "timestamptz",
          "where": [
            {
              "name": "$__timeFilter",
              "params": [],
              "type": "macro"
            },
            {
              "name": "",
              "params": [
                "variable",
                "=",
                "1551"
              ],
              "type": "expression"
            }
          ]
        },
        {
          "datasource": {
            "type": "postgres",
            "uid": "postgres_lynus"
          },
          "format": "time_series",
          "group": [],
          "hide": false,
          "metricColumn": "unit",
          "rawQuery": false,
          "rawSql": "SELECT\n  \"time\" AS \"time\",\n  unit AS metric,\n  value\nFROM public.measurements\nWHERE\n  $__timeFilter(\"time\") AND\n  variable = 1262\nORDER BY 1,2",
          "refId": "B",
          "select": [
            [
              {
                "params": [
                  "value"
                ],
                "type": "column"
              }
            ]
          ],
          "table": "public.measurements",
          "timeColumn": "\"time\"",
          "timeColumnType": "timestamptz",
          "where": [
            {
              "name": "$__timeFilter",
              "params": [],
              "type": "macro"
            },
            {
              "datatype": "int8",
              "name": "",
              "params": [
                "variable",
                "=",
                "1262"
              ],
              "type": "expression"
            }
          ]
        },
        {
          "datasource": {
            "type": "postgres",
            "uid": "postgres_lynus"
          },
          "format": "time_series",
          "group": [],
          "hide": false,
          "metricColumn": "unit",
          "rawQuery": false,
          "rawSql": "SELECT\n  \"time\" AS \"time\",\n  unit AS metric,\n  value\nFROM public.measurements\nWHERE\n  $__timeFilter(\"time\") AND\n  variable = 1473\nORDER BY 1,2",
          "refId": "E",
          "select": [
            [
              {
                "params": [
                  "value"
                ],
                "type": "column"
              }
            ]
          ],
          "table": "public.measurements",
          "timeColumn": "\"time\"",
          "timeColumnType": "timestamptz",
          "where": [
            {
              "name": "$__timeFilter",
              "params": [],
              "type": "macro"
            },
            {
              "datatype": "int8",
              "name": "",
              "params": [
                "variable",
                "=",
                "1473"
              ],
              "type": "expression"
            }
          ]
        }
      ],
      "title": "Projekt Katzenhofer: Wirkleistung Netz ",
      "type": "timeseries"
    },
    {
      "datasource": {
        "type": "postgres",
        "uid": "postgres_lynus"
      },
      "description": "",
      "fieldConfig": {
        "defaults": {
          "color": {
            "mode": "palette-classic"
          },
          "custom": {
            "axisCenteredZero": false,
            "axisColorMode": "text",
            "axisLabel": "",
            "axisPlacement": "auto",
            "barAlignment": 0,
            "drawStyle": "line",
            "fillOpacity": 0,
            "gradientMode": "none",
            "hideFrom": {
              "legend": false,
              "tooltip": false,
              "viz": false
            },
            "lineInterpolation": "linear",
            "lineWidth": 1,
            "pointSize": 5,
            "scaleDistribution": {
              "type": "linear"
            },
            "showPoints": "auto",
            "spanNulls": false,
            "stacking": {
              "group": "A",
              "mode": "none"
            },
            "thresholdsStyle": {
              "mode": "off"
            }
          },
          "mappings": [],
          "thresholds": {
            "mode": "absolute",
            "steps": [
              {
                "color": "green",
                "value": null
              }
            ]
          }
        },
        "overrides": [
          {
            "matcher": {
              "id": "byFrameRefID",
              "options": "C"
            },
            "properties": [
              {
                "id": "displayName",
                "value": "1551 prgGrid.lrGridPower 15 min Durchschnitt"
              }
            ]
          }
        ]
      },
      "gridPos": {
        "h": 14,
        "w": 24,
        "x": 0,
        "y": 28
      },
      "id": 8,
      "options": {
        "legend": {
          "calcs": [
            "max"
          ],
          "displayMode": "list",
          "placement": "bottom",
          "showLegend": true
        },
        "tooltip": {
          "mode": "multi",
          "sort": "none"
        }
      },
      "targets": [
        {
          "datasource": {
            "type": "postgres",
            "uid": "postgres_lynus"
          },
          "format": "time_series",
          "group": [
            {
              "params": [
                "15m",
                "none"
              ],
              "type": "time"
            }
          ],
          "hide": false,
          "metricColumn": "unit",
          "rawQuery": false,
          "rawSql": "SELECT\n  $__timeGroupAlias(\"time\",15m),\n  unit AS metric,\n  avg(value) AS \"value\"\nFROM public.measurements\nWHERE\n  $__timeFilter(\"time\") AND\n  variable = 1551\nGROUP BY 1,2\nORDER BY 1,2",
          "refId": "C",
          "select": [
            [
              {
                "params": [
                  "value"
                ],
                "type": "column"
              },
              {
                "params": [
                  "avg"
                ],
                "type": "aggregate"
              },
              {
                "params": [
                  "value"
                ],
                "type": "alias"
              }
            ]
          ],
          "table": "public.measurements",
          "timeColumn": "\"time\"",
          "timeColumnType": "timestamptz",
          "where": [
            {
              "name": "$__timeFilter",
              "params": [],
              "type": "macro"
            },
            {
              "name": "",
              "params": [
                "variable",
                "=",
                "1551"
              ],
              "type": "expression"
            }
          ]
        }
      ],
      "title": "Katzenhofer: Wirkleistung Netz 15 min Durchschnitt",
      "type": "timeseries"
    },
    {
      "datasource": {
        "type": "postgres",
        "uid": "postgres_lynus"
      },
      "description": "",
      "fieldConfig": {
        "defaults": {
          "color": {
            "mode": "palette-classic"
          },
          "custom": {
            "axisCenteredZero": false,
            "axisColorMode": "text",
            "axisLabel": "",
            "axisPlacement": "auto",
            "barAlignment": 0,
            "drawStyle": "line",
            "fillOpacity": 0,
            "gradientMode": "none",
            "hideFrom": {
              "legend": false,
              "tooltip": false,
              "viz": false
            },
            "lineInterpolation": "linear",
            "lineWidth": 1,
            "pointSize": 5,
            "scaleDistribution": {
              "type": "linear"
            },
            "showPoints": "auto",
            "spanNulls": false,
            "stacking": {
              "group": "A",
              "mode": "none"
            },
            "thresholdsStyle": {
              "mode": "off"
            }
          },
          "mappings": [],
          "thresholds": {
            "mode": "absolute",
            "steps": [
              {
                "color": "green",
                "value": null
              },
              {
                "color": "red",
                "value": 80
              }
            ]
          }
        },
        "overrides": [
          {
            "matcher": {
              "id": "byFrameRefID",
              "options": "A"
            },
            "properties": [
              {
                "id": "displayName",
                "value": "1265 prgCS.rTargetPowerCS"
              },
              {
                "id": "custom.drawStyle",
                "value": "points"
              }
            ]
          },
          {
            "matcher": {
              "id": "byFrameRefID",
              "options": "B"
            },
            "properties": [
              {
                "id": "displayName",
                "value": "1262 prgCS.lrPowerCS"
              },
              {
                "id": "custom.lineStyle",
                "value": {
                  "fill": "solid"
                }
              }
            ]
          }
        ]
      },
      "gridPos": {
        "h": 14,
        "w": 24,
        "x": 0,
        "y": 42
      },
      "id": 3,
      "options": {
        "legend": {
          "calcs": [],
          "displayMode": "list",
          "placement": "bottom",
          "showLegend": true
        },
        "tooltip": {
          "mode": "single",
          "sort": "none"
        }
      },
      "targets": [
        {
          "datasource": {
            "type": "postgres",
            "uid": "postgres_lynus"
          },
          "format": "time_series",
          "group": [],
          "hide": false,
          "metricColumn": "unit",
          "rawQuery": false,
          "rawSql": "SELECT\n  \"time\" AS \"time\",\n  unit AS metric,\n  value\nFROM public.measurements\nWHERE\n  $__timeFilter(\"time\") AND\n  variable = 1262\nORDER BY 1,2",
          "refId": "B",
          "select": [
            [
              {
                "params": [
                  "value"
                ],
                "type": "column"
              }
            ]
          ],
          "table": "public.measurements",
          "timeColumn": "\"time\"",
          "timeColumnType": "timestamptz",
          "where": [
            {
              "name": "$__timeFilter",
              "params": [],
              "type": "macro"
            },
            {
              "name": "",
              "params": [
                "variable",
                "=",
                "1262"
              ],
              "type": "expression"
            }
          ]
        },
        {
          "datasource": {
            "type": "postgres",
            "uid": "postgres_lynus"
          },
          "format": "time_series",
          "group": [],
          "hide": false,
          "metricColumn": "unit",
          "rawQuery": false,
          "rawSql": "SELECT\n  \"time\" AS \"time\",\n  unit AS metric,\n  value\nFROM public.measurements\nWHERE\n  $__timeFilter(\"time\") AND\n  variable = 1265\nORDER BY 1,2",
          "refId": "A",
          "select": [
            [
              {
                "params": [
                  "value"
                ],
                "type": "column"
              }
            ]
          ],
          "table": "public.measurements",
          "timeColumn": "\"time\"",
          "timeColumnType": "timestamptz",
          "where": [
            {
              "name": "$__timeFilter",
              "params": [],
              "type": "macro"
            },
            {
              "datatype": "int8",
              "name": "",
              "params": [
                "variable",
                "=",
                "1265"
              ],
              "type": "expression"
            }
          ]
        }
      ],
      "title": "CS Katzenhofer",
      "type": "timeseries"
    },
    {
      "datasource": {
        "type": "postgres",
        "uid": "postgres_lynus"
      },
      "description": "",
      "fieldConfig": {
        "defaults": {
          "color": {
            "mode": "palette-classic"
          },
          "custom": {
            "axisCenteredZero": false,
            "axisColorMode": "text",
            "axisLabel": "",
            "axisPlacement": "auto",
            "barAlignment": 0,
            "drawStyle": "line",
            "fillOpacity": 0,
            "gradientMode": "none",
            "hideFrom": {
              "legend": false,
              "tooltip": false,
              "viz": false
            },
            "lineInterpolation": "linear",
            "lineWidth": 1,
            "pointSize": 5,
            "scaleDistribution": {
              "type": "linear"
            },
            "showPoints": "auto",
            "spanNulls": true,
            "stacking": {
              "group": "A",
              "mode": "none"
            },
            "thresholdsStyle": {
              "mode": "off"
            }
          },
          "mappings": [],
          "thresholds": {
            "mode": "absolute",
            "steps": [
              {
                "color": "green"
              }
            ]
          },
          "unit": "kwatt"
        },
        "overrides": [
          {
            "matcher": {
              "id": "byFrameRefID",
              "options": "A"
            },
            "properties": [
              {
                "id": "displayName",
                "value": "1451 prgPV.lrPowerPV_1"
              }
            ]
          },
          {
            "matcher": {
              "id": "byFrameRefID",
              "options": "B"
            },
            "properties": [
              {
                "id": "displayName",
                "value": "1454 prgPV.lrPowerPV_2"
              }
            ]
          },
          {
            "matcher": {
              "id": "byFrameRefID",
              "options": "C"
            },
            "properties": [
              {
                "id": "displayName",
                "value": "1455 prgPV.lrPowerPV_3"
              }
            ]
          },
          {
            "matcher": {
              "id": "byFrameRefID",
              "options": "D"
            },
            "properties": [
              {
                "id": "displayName",
                "value": "1456 prgPV.lrPowerPV_4"
              }
            ]
          },
          {
            "matcher": {
              "id": "byFrameRefID",
              "options": "E"
            },
            "properties": [
              {
                "id": "displayName",
                "value": "1457 prgPV.lrPowerPV_5"
              }
            ]
          },
          {
            "matcher": {
              "id": "byFrameRefID",
              "options": "F"
            },
            "properties": [
              {
                "id": "displayName",
                "value": "1458 prgPV.lrPowerPV_6"
              }
            ]
          },
          {
            "matcher": {
              "id": "byFrameRefID",
              "options": "G"
            },
            "properties": [
              {
                "id": "displayName",
                "value": "1459 prgPV.lrPowerPV_7"
              }
            ]
          },
          {
            "matcher": {
              "id": "byFrameRefID",
              "options": "H"
            },
            "properties": [
              {
                "id": "displayName",
                "value": "1460 prgPV.lrPowerPV_8"
              }
            ]
          },
          {
            "matcher": {
              "id": "byFrameRefID",
              "options": "I"
            },
            "properties": [
              {
                "id": "displayName",
                "value": "1461 prgPV.lrPowerPV_9"
              }
            ]
          },
          {
            "matcher": {
              "id": "byFrameRefID",
              "options": "J"
            },
            "properties": [
              {
                "id": "displayName",
                "value": "1452 prgPV.lrPowerPV_10"
              }
            ]
          },
          {
            "matcher": {
              "id": "byFrameRefID",
              "options": "K"
            },
            "properties": [
              {
                "id": "displayName",
                "value": "1453 prgPV.lrPowerPV_11"
              }
            ]
          }
        ]
      },
      "gridPos": {
        "h": 14,
        "w": 24,
        "x": 0,
        "y": 56
      },
      "id": 5,
      "options": {
        "legend": {
          "calcs": [],
          "displayMode": "list",
          "placement": "bottom",
          "showLegend": true
        },
        "tooltip": {
          "mode": "multi",
          "sort": "none"
        }
      },
      "targets": [
        {
          "datasource": {
            "type": "postgres",
            "uid": "postgres_lynus"
          },
          "format": "time_series",
          "group": [],
          "hide": false,
          "metricColumn": "unit",
          "rawQuery": false,
          "rawSql": "SELECT\n  \"time\" AS \"time\",\n  unit AS metric,\n  value\nFROM public.measurements\nWHERE\n  $__timeFilter(\"time\") AND\n  variable = 1451\nORDER BY 1,2",
          "refId": "A",
          "select": [
            [
              {
                "params": [
                  "value"
                ],
                "type": "column"
              }
            ]
          ],
          "table": "public.measurements",
          "timeColumn": "\"time\"",
          "timeColumnType": "timestamptz",
          "where": [
            {
              "name": "$__timeFilter",
              "params": [],
              "type": "macro"
            },
            {
              "datatype": "int8",
              "name": "",
              "params": [
                "variable",
                "=",
                "1451"
              ],
              "type": "expression"
            }
          ]
        },
        {
          "datasource": {
            "type": "postgres",
            "uid": "postgres_lynus"
          },
          "format": "time_series",
          "group": [],
          "hide": false,
          "metricColumn": "unit",
          "rawQuery": false,
          "rawSql": "SELECT\n  \"time\" AS \"time\",\n  unit AS metric,\n  value\nFROM public.measurements\nWHERE\n  $__timeFilter(\"time\") AND\n  variable = 1454\nORDER BY 1,2",
          "refId": "B",
          "select": [
            [
              {
                "params": [
                  "value"
                ],
                "type": "column"
              }
            ]
          ],
          "table": "public.measurements",
          "timeColumn": "\"time\"",
          "timeColumnType": "timestamptz",
          "where": [
            {
              "name": "$__timeFilter",
              "params": [],
              "type": "macro"
            },
            {
              "datatype": "int8",
              "name": "",
              "params": [
                "variable",
                "=",
                "1454"
              ],
              "type": "expression"
            }
          ]
        },
        {
          "datasource": {
            "type": "postgres",
            "uid": "postgres_lynus"
          },
          "format": "time_series",
          "group": [],
          "hide": false,
          "metricColumn": "unit",
          "rawQuery": false,
          "rawSql": "SELECT\n  \"time\" AS \"time\",\n  unit AS metric,\n  value\nFROM public.measurements\nWHERE\n  $__timeFilter(\"time\") AND\n  variable = 1455\nORDER BY 1,2",
          "refId": "C",
          "select": [
            [
              {
                "params": [
                  "value"
                ],
                "type": "column"
              }
            ]
          ],
          "table": "public.measurements",
          "timeColumn": "\"time\"",
          "timeColumnType": "timestamptz",
          "where": [
            {
              "name": "$__timeFilter",
              "params": [],
              "type": "macro"
            },
            {
              "datatype": "int8",
              "name": "",
              "params": [
                "variable",
                "=",
                "1455"
              ],
              "type": "expression"
            }
          ]
        },
        {
          "datasource": {
            "type": "postgres",
            "uid": "postgres_lynus"
          },
          "format": "time_series",
          "group": [],
          "hide": false,
          "metricColumn": "unit",
          "rawQuery": false,
          "rawSql": "SELECT\n  \"time\" AS \"time\",\n  unit AS metric,\n  value\nFROM public.measurements\nWHERE\n  $__timeFilter(\"time\") AND\n  variable = 1456\nORDER BY 1,2",
          "refId": "D",
          "select": [
            [
              {
                "params": [
                  "value"
                ],
                "type": "column"
              }
            ]
          ],
          "table": "public.measurements",
          "timeColumn": "\"time\"",
          "timeColumnType": "timestamptz",
          "where": [
            {
              "name": "$__timeFilter",
              "params": [],
              "type": "macro"
            },
            {
              "datatype": "int8",
              "name": "",
              "params": [
                "variable",
                "=",
                "1456"
              ],
              "type": "expression"
            }
          ]
        },
        {
          "datasource": {
            "type": "postgres",
            "uid": "postgres_lynus"
          },
          "format": "time_series",
          "group": [],
          "hide": false,
          "metricColumn": "unit",
          "rawQuery": false,
          "rawSql": "SELECT\n  \"time\" AS \"time\",\n  unit AS metric,\n  value\nFROM public.measurements\nWHERE\n  $__timeFilter(\"time\") AND\n  variable = 1457\nORDER BY 1,2",
          "refId": "E",
          "select": [
            [
              {
                "params": [
                  "value"
                ],
                "type": "column"
              }
            ]
          ],
          "table": "public.measurements",
          "timeColumn": "\"time\"",
          "timeColumnType": "timestamptz",
          "where": [
            {
              "name": "$__timeFilter",
              "params": [],
              "type": "macro"
            },
            {
              "datatype": "int8",
              "name": "",
              "params": [
                "variable",
                "=",
                "1457"
              ],
              "type": "expression"
            }
          ]
        },
        {
          "datasource": {
            "type": "postgres",
            "uid": "postgres_lynus"
          },
          "format": "time_series",
          "group": [],
          "hide": false,
          "metricColumn": "unit",
          "rawQuery": false,
          "rawSql": "SELECT\n  \"time\" AS \"time\",\n  unit AS metric,\n  value\nFROM public.measurements\nWHERE\n  $__timeFilter(\"time\") AND\n  variable = 1458\nORDER BY 1,2",
          "refId": "F",
          "select": [
            [
              {
                "params": [
                  "value"
                ],
                "type": "column"
              }
            ]
          ],
          "table": "public.measurements",
          "timeColumn": "\"time\"",
          "timeColumnType": "timestamptz",
          "where": [
            {
              "name": "$__timeFilter",
              "params": [],
              "type": "macro"
            },
            {
              "datatype": "int8",
              "name": "",
              "params": [
                "variable",
                "=",
                "1458"
              ],
              "type": "expression"
            }
          ]
        },
        {
          "datasource": {
            "type": "postgres",
            "uid": "postgres_lynus"
          },
          "format": "time_series",
          "group": [],
          "hide": false,
          "metricColumn": "unit",
          "rawQuery": false,
          "rawSql": "SELECT\n  \"time\" AS \"time\",\n  unit AS metric,\n  value\nFROM public.measurements\nWHERE\n  $__timeFilter(\"time\") AND\n  variable = 1459\nORDER BY 1,2",
          "refId": "G",
          "select": [
            [
              {
                "params": [
                  "value"
                ],
                "type": "column"
              }
            ]
          ],
          "table": "public.measurements",
          "timeColumn": "\"time\"",
          "timeColumnType": "timestamptz",
          "where": [
            {
              "name": "$__timeFilter",
              "params": [],
              "type": "macro"
            },
            {
              "datatype": "int8",
              "name": "",
              "params": [
                "variable",
                "=",
                "1459"
              ],
              "type": "expression"
            }
          ]
        },
        {
          "datasource": {
            "type": "postgres",
            "uid": "postgres_lynus"
          },
          "format": "time_series",
          "group": [],
          "hide": false,
          "metricColumn": "unit",
          "rawQuery": false,
          "rawSql": "SELECT\n  \"time\" AS \"time\",\n  unit AS metric,\n  value\nFROM public.measurements\nWHERE\n  $__timeFilter(\"time\") AND\n  variable = 1460\nORDER BY 1,2",
          "refId": "H",
          "select": [
            [
              {
                "params": [
                  "value"
                ],
                "type": "column"
              }
            ]
          ],
          "table": "public.measurements",
          "timeColumn": "\"time\"",
          "timeColumnType": "timestamptz",
          "where": [
            {
              "name": "$__timeFilter",
              "params": [],
              "type": "macro"
            },
            {
              "datatype": "int8",
              "name": "",
              "params": [
                "variable",
                "=",
                "1460"
              ],
              "type": "expression"
            }
          ]
        },
        {
          "datasource": {
            "type": "postgres",
            "uid": "postgres_lynus"
          },
          "format": "time_series",
          "group": [],
          "hide": false,
          "metricColumn": "unit",
          "rawQuery": false,
          "rawSql": "SELECT\n  \"time\" AS \"time\",\n  unit AS metric,\n  value\nFROM public.measurements\nWHERE\n  $__timeFilter(\"time\") AND\n  variable = 1461\nORDER BY 1,2",
          "refId": "I",
          "select": [
            [
              {
                "params": [
                  "value"
                ],
                "type": "column"
              }
            ]
          ],
          "table": "public.measurements",
          "timeColumn": "\"time\"",
          "timeColumnType": "timestamptz",
          "where": [
            {
              "name": "$__timeFilter",
              "params": [],
              "type": "macro"
            },
            {
              "datatype": "int8",
              "name": "",
              "params": [
                "variable",
                "=",
                "1461"
              ],
              "type": "expression"
            }
          ]
        },
        {
          "datasource": {
            "type": "postgres",
            "uid": "postgres_lynus"
          },
          "format": "time_series",
          "group": [],
          "hide": false,
          "metricColumn": "unit",
          "rawQuery": false,
          "rawSql": "SELECT\n  \"time\" AS \"time\",\n  unit AS metric,\n  value\nFROM public.measurements\nWHERE\n  $__timeFilter(\"time\") AND\n  variable = 1452\nORDER BY 1,2",
          "refId": "J",
          "select": [
            [
              {
                "params": [
                  "value"
                ],
                "type": "column"
              }
            ]
          ],
          "table": "public.measurements",
          "timeColumn": "\"time\"",
          "timeColumnType": "timestamptz",
          "where": [
            {
              "name": "$__timeFilter",
              "params": [],
              "type": "macro"
            },
            {
              "datatype": "int8",
              "name": "",
              "params": [
                "variable",
                "=",
                "1452"
              ],
              "type": "expression"
            }
          ]
        },
        {
          "datasource": {
            "type": "postgres",
            "uid": "postgres_lynus"
          },
          "format": "time_series",
          "group": [],
          "hide": false,
          "metricColumn": "unit",
          "rawQuery": false,
          "rawSql": "SELECT\n  \"time\" AS \"time\",\n  unit AS metric,\n  value\nFROM public.measurements\nWHERE\n  $__timeFilter(\"time\") AND\n  variable = 1453\nORDER BY 1,2",
          "refId": "K",
          "select": [
            [
              {
                "params": [
                  "value"
                ],
                "type": "column"
              }
            ]
          ],
          "table": "public.measurements",
          "timeColumn": "\"time\"",
          "timeColumnType": "timestamptz",
          "where": [
            {
              "name": "$__timeFilter",
              "params": [],
              "type": "macro"
            },
            {
              "datatype": "int8",
              "name": "",
              "params": [
                "variable",
                "=",
                "1453"
              ],
              "type": "expression"
            }
          ]
        }
      ],
      "title": "Solar Katzenhofer",
      "type": "timeseries"
    },
    {
      "datasource": {
        "type": "postgres",
        "uid": "postgres_lynus"
      },
      "description": "",
      "fieldConfig": {
        "defaults": {
          "color": {
            "mode": "palette-classic"
          },
          "custom": {
            "axisCenteredZero": false,
            "axisColorMode": "text",
            "axisLabel": "",
            "axisPlacement": "auto",
            "barAlignment": 0,
            "drawStyle": "line",
            "fillOpacity": 0,
            "gradientMode": "none",
            "hideFrom": {
              "legend": false,
              "tooltip": false,
              "viz": false
            },
            "lineInterpolation": "linear",
            "lineWidth": 1,
            "pointSize": 5,
            "scaleDistribution": {
              "type": "linear"
            },
            "showPoints": "auto",
            "spanNulls": false,
            "stacking": {
              "group": "A",
              "mode": "none"
            },
            "thresholdsStyle": {
              "mode": "off"
            }
          },
          "mappings": [],
          "thresholds": {
            "mode": "absolute",
            "steps": [
              {
                "color": "green"
              }
            ]
          }
        },
        "overrides": [
          {
            "matcher": {
              "id": "byFrameRefID",
              "options": "A"
            },
            "properties": [
              {
                "id": "displayName",
                "value": "1474 prgBattery.rTargetPowerBattery"
              }
            ]
          },
          {
            "matcher": {
              "id": "byFrameRefID",
              "options": "B"
            },
            "properties": [
              {
                "id": "displayName",
                "value": "1473 prgBattery.lrPowerBattery"
              },
              {
                "id": "custom.lineStyle",
                "value": {
                  "fill": "solid"
                }
              }
            ]
          },
          {
            "matcher": {
              "id": "byFrameRefID",
              "options": "C"
            },
            "properties": [
              {
                "id": "displayName",
                "value": "1469 prgBattery.lrActualCapacityBattery"
              }
            ]
          }
        ]
      },
      "gridPos": {
        "h": 14,
        "w": 24,
        "x": 0,
        "y": 70
      },
      "id": 6,
      "options": {
        "legend": {
          "calcs": [],
          "displayMode": "list",
          "placement": "bottom",
          "showLegend": true
        },
        "tooltip": {
          "mode": "single",
          "sort": "none"
        }
      },
      "targets": [
        {
          "datasource": {
            "type": "postgres",
            "uid": "postgres_lynus"
          },
          "format": "time_series",
          "group": [],
          "hide": false,
          "metricColumn": "unit",
          "rawQuery": false,
          "rawSql": "SELECT\n  \"time\" AS \"time\",\n  unit AS metric,\n  value\nFROM public.measurements\nWHERE\n  $__timeFilter(\"time\") AND\n  variable = 1474\nORDER BY 1,2",
          "refId": "B",
          "select": [
            [
              {
                "params": [
                  "value"
                ],
                "type": "column"
              }
            ]
          ],
          "table": "public.measurements",
          "timeColumn": "\"time\"",
          "timeColumnType": "timestamptz",
          "where": [
            {
              "name": "$__timeFilter",
              "params": [],
              "type": "macro"
            },
            {
              "datatype": "int8",
              "name": "",
              "params": [
                "variable",
                "=",
                "1474"
              ],
              "type": "expression"
            }
          ]
        },
        {
          "datasource": {
            "type": "postgres",
            "uid": "postgres_lynus"
          },
          "format": "time_series",
          "group": [],
          "hide": false,
          "metricColumn": "unit",
          "rawQuery": false,
          "rawSql": "SELECT\n  \"time\" AS \"time\",\n  unit AS metric,\n  value\nFROM public.measurements\nWHERE\n  $__timeFilter(\"time\") AND\n  variable = 1473\nORDER BY 1,2",
          "refId": "A",
          "select": [
            [
              {
                "params": [
                  "value"
                ],
                "type": "column"
              }
            ]
          ],
          "table": "public.measurements",
          "timeColumn": "\"time\"",
          "timeColumnType": "timestamptz",
          "where": [
            {
              "name": "$__timeFilter",
              "params": [],
              "type": "macro"
            },
            {
              "datatype": "int8",
              "name": "",
              "params": [
                "variable",
                "=",
                "1473"
              ],
              "type": "expression"
            }
          ]
        },
        {
          "datasource": {
            "type": "postgres",
            "uid": "postgres_lynus"
          },
          "format": "time_series",
          "group": [],
          "hide": false,
          "metricColumn": "unit",
          "rawQuery": false,
          "rawSql": "SELECT\n  \"time\" AS \"time\",\n  unit AS metric,\n  value\nFROM public.measurements\nWHERE\n  $__timeFilter(\"time\") AND\n  variable = 1469\nORDER BY 1,2",
          "refId": "C",
          "select": [
            [
              {
                "params": [
                  "value"
                ],
                "type": "column"
              }
            ]
          ],
          "table": "public.measurements",
          "timeColumn": "\"time\"",
          "timeColumnType": "timestamptz",
          "where": [
            {
              "name": "$__timeFilter",
              "params": [],
              "type": "macro"
            },
            {
              "datatype": "int8",
              "name": "",
              "params": [
                "variable",
                "=",
                "1469"
              ],
              "type": "expression"
            }
          ]
        },
        {
          "datasource": {
            "type": "postgres",
            "uid": "postgres_lynus"
          },
          "format": "table",
          "group": [],
          "hide": false,
          "metricColumn": "unit",
          "rawQuery": true,
          "rawSql": "SELECT\n  $__timeGroupAlias(\"time\",10s,previous),\n  unit AS metric,\n  avg(value) as \"prgBattery.dwSOCBattery\"\nFROM public.measurements\nWHERE\n  $__timeFilter(\"time\") AND\n  variable = (select id from public.measurements_meta where project ='42ed263c-2a5f-4093-831d-18453bb20ab2' and variable = 'prgBattery.dwSOCBattery')\nGROUP BY 1,2\nORDER BY 1,2\n",
          "refId": "D",
          "select": [
            [
              {
                "params": [
                  "value"
                ],
                "type": "column"
              }
            ]
          ],
          "table": "public.measurements",
          "timeColumn": "\"time\"",
          "timeColumnType": "timestamptz",
          "where": [
            {
              "name": "$__timeFilter",
              "params": [],
              "type": "macro"
            },
            {
              "datatype": "int8",
              "name": "",
              "params": [
                "variable",
                "=",
                "1469"
              ],
              "type": "expression"
            }
          ]
        }
      ],
      "title": "Batterie Katzenhofer",
      "type": "timeseries"
    }
  ],
  "refresh": false,
  "schemaVersion": 37,
  "style": "dark",
  "tags": [],
  "templating": {
    "list": []
  },
  "time": {
    "from": "2023-01-31T23:00:00.000Z",
    "to": "2023-02-28T22:59:59.000Z"
  },
  "timepicker": {
    "refresh_intervals": [
      "5s",
      "10s",
      "30s",
      "1m",
      "5m"
    ]
  },
  "timezone": "",
  "title": "BMS Katzenhofer",
  "uid": "bEMIQySVz",
  "version": 2,
  "weekStart": ""
}