{
  "annotations": {
    "list": [
      {
        "builtIn": 1,
        "datasource": {
          "type": "grafana",
          "uid": "-- Grafana --"
        },
        "enable": true,
        "hide": true,
        "iconColor": "rgba(0, 211, 255, 1)",
        "name": "Annotations & Alerts",
        "target": {
          "limit": 100,
          "matchAny": false,
          "tags": [],
          "type": "dashboard"
        },
        "type": "dashboard"
      }
    ]
  },
  "editable": true,
  "fiscalYearStartMonth": 0,
  "graphTooltip": 2,
  "id": 32,
  "links": [],
  "liveNow": false,
  "panels": [
    {
      "datasource": {
        "type": "postgres",
        "uid": "postgres_lynus"
      },
      "fieldConfig": {
        "defaults": {
          "color": {
            "mode": "palette-classic"
          },
          "custom": {
            "axisCenteredZero": false,
            "axisColorMode": "text",
            "axisLabel": "",
            "axisPlacement": "auto",
            "barAlignment": 0,
            "drawStyle": "line",
            "fillOpacity": 0,
            "gradientMode": "none",
            "hideFrom": {
              "legend": false,
              "tooltip": false,
              "viz": false
            },
            "lineInterpolation": "stepAfter",
            "lineWidth": 1,
            "pointSize": 5,
            "scaleDistribution": {
              "type": "linear"
            },
            "showPoints": "auto",
            "spanNulls": false,
            "stacking": {
              "group": "A",
              "mode": "none"
            },
            "thresholdsStyle": {
              "mode": "off"
            }
          },
          "mappings": [],
          "thresholds": {
            "mode": "absolute",
            "steps": [
              {
                "color": "green",
                "value": null
              },
              {
                "color": "red",
                "value": 80
              }
            ]
          }
        },
        "overrides": [
          {
            "matcher": {
              "id": "byName",
              "options": "prgBattery.dwSOCBattery"
            },
            "properties": [
              {
                "id": "color",
                "value": {
                  "fixedColor": "red",
                  "mode": "fixed"
                }
              }
            ]
          },
          {
            "matcher": {
              "id": "byName",
              "options": "prgPV_H1.lrPowerPV"
            },
            "properties": [
              {
                "id": "color",
                "value": {
                  "fixedColor": "green",
                  "mode": "fixed"
                }
              }
            ]
          },
          {
            "matcher": {
              "id": "byName",
              "options": "prgBattery_H1.lrPowerBattery"
            },
            "properties": [
              {
                "id": "color",
                "value": {
                  "fixedColor": "red",
                  "mode": "fixed"
                }
              }
            ]
          },
          {
            "matcher": {
              "id": "byName",
              "options": "prgHouse_H1.lrPowerHouse_Manual"
            },
            "properties": [
              {
                "id": "color",
                "value": {
                  "fixedColor": "purple",
                  "mode": "fixed"
                }
              }
            ]
          },
          {
            "matcher": {
              "id": "byName",
              "options": "prgGrid_H1.lrPowerGrid"
            },
            "properties": [
              {
                "id": "color",
                "value": {
                  "fixedColor": "orange",
                  "mode": "fixed"
                }
              }
            ]
          },
          {
            "matcher": {
              "id": "byName",
              "options": "prgTemperature.real_PowerHeater"
            },
            "properties": [
              {
                "id": "color",
                "value": {
                  "fixedColor": "dark-green",
                  "mode": "fixed"
                }
              }
            ]
          },
          {
            "matcher": {
              "id": "byName",
              "options": "prgGrid.lrPowerGrid"
            },
            "properties": [
              {
                "id": "color",
                "value": {
                  "fixedColor": "red",
                  "mode": "fixed"
                }
              }
            ]
          },
          {
            "matcher": {
              "id": "byName",
              "options": "prgPV.lrPowerPV"
            },
            "properties": [
              {
                "id": "color",
                "value": {
                  "fixedColor": "blue",
                  "mode": "fixed"
                }
              }
            ]
          },
          {
            "matcher": {
              "id": "byName",
              "options": "prgHouse.lrPowerHouse"
            },
            "properties": [
              {
                "id": "color",
                "value": {
                  "fixedColor": "green",
                  "mode": "fixed"
                }
              }
            ]
          }
        ]
      },
      "gridPos": {
        "h": 14,
        "w": 24,
        "x": 0,
        "y": 0
      },
      "id": 2,
      "options": {
        "legend": {
          "calcs": [],
          "displayMode": "list",
          "placement": "bottom",
          "showLegend": true
        },
        "tooltip": {
          "mode": "multi",
          "sort": "desc"
        }
      },
      "targets": [
        {
          "datasource": {
            "type": "postgres",
            "uid": "postgres_lynus"
          },
          "format": "table",
          "group": [],
          "metricColumn": "none",
          "rawQuery": true,
          "rawSql": "SELECT\n  $__timeGroupAlias(\"time\",10s,previous),\n  unit AS metric,\n  avg(value) AS \"prgGrid.lrPowerGrid\"\nFROM public.measurements\nWHERE\n  $__timeFilter(\"time\") AND\n  variable = (select id from public.measurements_meta where project ='003d61dd-570a-4e50-89d6-0c2dba2c04ac' and variable = 'prgGrid.lrPowerGrid')\nGROUP BY 1,2\nORDER BY 1,2\n",
          "refId": "A",
          "select": [
            [
              {
                "params": [
                  "value"
                ],
                "type": "column"
              }
            ]
          ],
          "table": "measurements",
          "timeColumn": "\"time\"",
          "timeColumnType": "timestamp",
          "where": [
            {
              "name": "$__timeFilter",
              "params": [],
              "type": "macro"
            }
          ]
        },
        {
          "datasource": {
            "type": "postgres",
            "uid": "postgres_lynus"
          },
          "format": "table",
          "group": [],
          "hide": false,
          "metricColumn": "none",
          "rawQuery": true,
          "rawSql": "SELECT\n  $__timeGroupAlias(\"time\",10s,previous),\n  unit AS metric,\n  avg(value) AS \"prgPV.lrPowerPV\"\nFROM public.measurements\nWHERE\n  $__timeFilter(\"time\") AND\n  variable = (select id from public.measurements_meta where project ='003d61dd-570a-4e50-89d6-0c2dba2c04ac' and variable = 'prgPV.lrPowerPV')\nGROUP BY 1,2\nORDER BY 1,2\n",
          "refId": "D",
          "select": [
            [
              {
                "params": [
                  "value"
                ],
                "type": "column"
              }
            ]
          ],
          "table": "measurements",
          "timeColumn": "\"time\"",
          "timeColumnType": "timestamp",
          "where": [
            {
              "name": "$__timeFilter",
              "params": [],
              "type": "macro"
            }
          ]
        },
        {
          "datasource": {
            "type": "postgres",
            "uid": "postgres_lynus"
          },
          "format": "table",
          "group": [],
          "hide": false,
          "metricColumn": "none",
          "rawQuery": true,
          "rawSql": "SELECT\n  $__timeGroupAlias(\"time\",10s,previous),\n  unit AS metric,\n  avg(value) AS \"prgHouse.lrPowerHouse\"\nFROM public.measurements\nWHERE\n  $__timeFilter(\"time\") AND\n  variable = (select id from public.measurements_meta where project ='003d61dd-570a-4e50-89d6-0c2dba2c04ac' and variable = 'prgHouse.lrPowerHouse')\nGROUP BY 1,2\nORDER BY 1,2\n",
          "refId": "B",
          "select": [
            [
              {
                "params": [
                  "value"
                ],
                "type": "column"
              }
            ]
          ],
          "table": "measurements",
          "timeColumn": "\"time\"",
          "timeColumnType": "timestamp",
          "where": [
            {
              "name": "$__timeFilter",
              "params": [],
              "type": "macro"
            }
          ]
        },
        {
          "datasource": {
            "type": "postgres",
            "uid": "postgres_lynus"
          },
          "format": "table",
          "group": [],
          "hide": false,
          "metricColumn": "none",
          "rawQuery": true,
          "rawSql": "SELECT\n  $__timeGroupAlias(\"time\",10s,previous),\n  unit AS metric,\n  avg(value*12) AS \"prgTemperature.real_StepHeaterControl*12\"\nFROM public.measurements\nWHERE\n  $__timeFilter(\"time\") AND\n  variable = (select id from public.measurements_meta where project ='003d61dd-570a-4e50-89d6-0c2dba2c04ac' and variable = 'prgTemperature.real_StepHeaterControl')\nGROUP BY 1,2\nORDER BY 1,2\n",
          "refId": "C",
          "select": [
            [
              {
                "params": [
                  "value"
                ],
                "type": "column"
              }
            ]
          ],
          "table": "measurements",
          "timeColumn": "\"time\"",
          "timeColumnType": "timestamp",
          "where": [
            {
              "name": "$__timeFilter",
              "params": [],
              "type": "macro"
            }
          ]
        }
      ],
      "title": "Feigl Leistungen",
      "type": "timeseries"
    },
    {
      "datasource": {
        "type": "postgres",
        "uid": "postgres_lynus"
      },
      "fieldConfig": {
        "defaults": {
          "color": {
            "mode": "palette-classic"
          },
          "custom": {
            "axisCenteredZero": false,
            "axisColorMode": "text",
            "axisLabel": "",
            "axisPlacement": "auto",
            "barAlignment": 0,
            "drawStyle": "line",
            "fillOpacity": 0,
            "gradientMode": "none",
            "hideFrom": {
              "legend": false,
              "tooltip": false,
              "viz": false
            },
            "lineInterpolation": "linear",
            "lineWidth": 1,
            "pointSize": 5,
            "scaleDistribution": {
              "type": "linear"
            },
            "showPoints": "auto",
            "spanNulls": false,
            "stacking": {
              "group": "A",
              "mode": "none"
            },
            "thresholdsStyle": {
              "mode": "off"
            }
          },
          "mappings": [],
          "thresholds": {
            "mode": "absolute",
            "steps": [
              {
                "color": "green",
                "value": null
              },
              {
                "color": "red",
                "value": 80
              }
            ]
          }
        },
        "overrides": [
          {
            "matcher": {
              "id": "byName",
              "options": "prgBattery.dwSOCBattery"
            },
            "properties": [
              {
                "id": "color",
                "value": {
                  "fixedColor": "red",
                  "mode": "fixed"
                }
              }
            ]
          },
          {
            "matcher": {
              "id": "byName",
              "options": "prgPV_H1.lrPowerPV"
            },
            "properties": [
              {
                "id": "color",
                "value": {
                  "fixedColor": "green",
                  "mode": "fixed"
                }
              }
            ]
          },
          {
            "matcher": {
              "id": "byName",
              "options": "prgBattery_H1.lrPowerBattery"
            },
            "properties": [
              {
                "id": "color",
                "value": {
                  "fixedColor": "red",
                  "mode": "fixed"
                }
              }
            ]
          },
          {
            "matcher": {
              "id": "byName",
              "options": "prgHouse_H1.lrPowerHouse_Manual"
            },
            "properties": [
              {
                "id": "color",
                "value": {
                  "fixedColor": "purple",
                  "mode": "fixed"
                }
              }
            ]
          },
          {
            "matcher": {
              "id": "byName",
              "options": "prgGrid_H1.lrPowerGrid"
            },
            "properties": [
              {
                "id": "color",
                "value": {
                  "fixedColor": "orange",
                  "mode": "fixed"
                }
              }
            ]
          }
        ]
      },
      "gridPos": {
        "h": 14,
        "w": 24,
        "x": 0,
        "y": 14
      },
      "id": 3,
      "options": {
        "legend": {
          "calcs": [],
          "displayMode": "list",
          "placement": "bottom",
          "showLegend": true
        },
        "tooltip": {
          "mode": "multi",
          "sort": "desc"
        }
      },
      "targets": [
        {
          "datasource": {
            "type": "postgres",
            "uid": "postgres_lynus"
          },
          "format": "table",
          "group": [],
          "metricColumn": "none",
          "rawQuery": true,
          "rawSql": "SELECT\n  $__timeGroupAlias(\"time\",10s,previous),\n  unit AS metric,\n  avg(value) AS \"prgPV.lrPowerPV_1\"\nFROM public.measurements\nWHERE\n  $__timeFilter(\"time\") AND\n  variable = (select id from public.measurements_meta where project ='003d61dd-570a-4e50-89d6-0c2dba2c04ac' and variable = 'prgPV.lrPowerPV_1')\nGROUP BY 1,2\nORDER BY 1,2\n",
          "refId": "A",
          "select": [
            [
              {
                "params": [
                  "value"
                ],
                "type": "column"
              }
            ]
          ],
          "table": "measurements",
          "timeColumn": "\"time\"",
          "timeColumnType": "timestamp",
          "where": [
            {
              "name": "$__timeFilter",
              "params": [],
              "type": "macro"
            }
          ]
        },
        {
          "datasource": {
            "type": "postgres",
            "uid": "postgres_lynus"
          },
          "format": "table",
          "group": [],
          "hide": false,
          "metricColumn": "none",
          "rawQuery": true,
          "rawSql": "SELECT\n  $__timeGroupAlias(\"time\",10s,previous),\n  unit AS metric,\n  avg(value) AS \"prgPV.lrPowerPV_2\"\nFROM public.measurements\nWHERE\n  $__timeFilter(\"time\") AND\n  variable = (select id from public.measurements_meta where project ='003d61dd-570a-4e50-89d6-0c2dba2c04ac' and variable = 'prgPV.lrPowerPV_2')\nGROUP BY 1,2\nORDER BY 1,2\n",
          "refId": "B",
          "select": [
            [
              {
                "params": [
                  "value"
                ],
                "type": "column"
              }
            ]
          ],
          "table": "measurements",
          "timeColumn": "\"time\"",
          "timeColumnType": "timestamp",
          "where": [
            {
              "name": "$__timeFilter",
              "params": [],
              "type": "macro"
            }
          ]
        },
        {
          "datasource": {
            "type": "postgres",
            "uid": "postgres_lynus"
          },
          "format": "table",
          "group": [],
          "hide": false,
          "metricColumn": "none",
          "rawQuery": true,
          "rawSql": "SELECT\n  $__timeGroupAlias(\"time\",10s,previous),\n  unit AS metric,\n  avg(value) AS \"prgPV.lrPowerPV_3\"\nFROM public.measurements\nWHERE\n  $__timeFilter(\"time\") AND\n  variable = (select id from public.measurements_meta where project ='003d61dd-570a-4e50-89d6-0c2dba2c04ac' and variable = 'prgPV.lrPowerPV_3')\nGROUP BY 1,2\nORDER BY 1,2\n",
          "refId": "C",
          "select": [
            [
              {
                "params": [
                  "value"
                ],
                "type": "column"
              }
            ]
          ],
          "table": "measurements",
          "timeColumn": "\"time\"",
          "timeColumnType": "timestamp",
          "where": [
            {
              "name": "$__timeFilter",
              "params": [],
              "type": "macro"
            }
          ]
        },
        {
          "datasource": {
            "type": "postgres",
            "uid": "postgres_lynus"
          },
          "format": "table",
          "group": [],
          "hide": false,
          "metricColumn": "none",
          "rawQuery": true,
          "rawSql": "SELECT\n  $__timeGroupAlias(\"time\",10s,previous),\n  unit AS metric,\n  avg(value) AS \"prgPV.lrPowerPV_4\"\nFROM public.measurements\nWHERE\n  $__timeFilter(\"time\") AND\n  variable = (select id from public.measurements_meta where project ='003d61dd-570a-4e50-89d6-0c2dba2c04ac' and variable = 'prgPV.lrPowerPV_4')\nGROUP BY 1,2\nORDER BY 1,2\n",
          "refId": "D",
          "select": [
            [
              {
                "params": [
                  "value"
                ],
                "type": "column"
              }
            ]
          ],
          "table": "measurements",
          "timeColumn": "\"time\"",
          "timeColumnType": "timestamp",
          "where": [
            {
              "name": "$__timeFilter",
              "params": [],
              "type": "macro"
            }
          ]
        },
        {
          "datasource": {
            "type": "postgres",
            "uid": "postgres_lynus"
          },
          "format": "table",
          "group": [],
          "hide": false,
          "metricColumn": "none",
          "rawQuery": true,
          "rawSql": "SELECT\n  $__timeGroupAlias(\"time\",10s,previous),\n  unit AS metric,\n  avg(value) AS \"prgPV.lrPowerPV_5\"\nFROM public.measurements\nWHERE\n  $__timeFilter(\"time\") AND\n  variable = (select id from public.measurements_meta where project ='003d61dd-570a-4e50-89d6-0c2dba2c04ac' and variable = 'prgPV.lrPowerPV_5')\nGROUP BY 1,2\nORDER BY 1,2\n",
          "refId": "E",
          "select": [
            [
              {
                "params": [
                  "value"
                ],
                "type": "column"
              }
            ]
          ],
          "table": "measurements",
          "timeColumn": "\"time\"",
          "timeColumnType": "timestamp",
          "where": [
            {
              "name": "$__timeFilter",
              "params": [],
              "type": "macro"
            }
          ]
        },
        {
          "datasource": {
            "type": "postgres",
            "uid": "postgres_lynus"
          },
          "format": "table",
          "group": [],
          "hide": false,
          "metricColumn": "none",
          "rawQuery": true,
          "rawSql": "SELECT\n  $__timeGroupAlias(\"time\",10s,previous),\n  unit AS metric,\n  avg(value) AS \"prgPV.lrPowerPV_6\"\nFROM public.measurements\nWHERE\n  $__timeFilter(\"time\") AND\n  variable = (select id from public.measurements_meta where project ='003d61dd-570a-4e50-89d6-0c2dba2c04ac' and variable = 'prgPV.lrPowerPV_6')\nGROUP BY 1,2\nORDER BY 1,2\n",
          "refId": "F",
          "select": [
            [
              {
                "params": [
                  "value"
                ],
                "type": "column"
              }
            ]
          ],
          "table": "measurements",
          "timeColumn": "\"time\"",
          "timeColumnType": "timestamp",
          "where": [
            {
              "name": "$__timeFilter",
              "params": [],
              "type": "macro"
            }
          ]
        },
        {
          "datasource": {
            "type": "postgres",
            "uid": "postgres_lynus"
          },
          "format": "table",
          "group": [],
          "hide": false,
          "metricColumn": "none",
          "rawQuery": true,
          "rawSql": "SELECT\n  $__timeGroupAlias(\"time\",10s,previous),\n  unit AS metric,\n  avg(value) AS \"prgPV.lrPowerPV_7\"\nFROM public.measurements\nWHERE\n  $__timeFilter(\"time\") AND\n  variable = (select id from public.measurements_meta where project ='003d61dd-570a-4e50-89d6-0c2dba2c04ac' and variable = 'prgPV.lrPowerPV_7')\nGROUP BY 1,2\nORDER BY 1,2\n",
          "refId": "G",
          "select": [
            [
              {
                "params": [
                  "value"
                ],
                "type": "column"
              }
            ]
          ],
          "table": "measurements",
          "timeColumn": "\"time\"",
          "timeColumnType": "timestamp",
          "where": [
            {
              "name": "$__timeFilter",
              "params": [],
              "type": "macro"
            }
          ]
        },
        {
          "datasource": {
            "type": "postgres",
            "uid": "postgres_lynus"
          },
          "format": "table",
          "group": [],
          "hide": false,
          "metricColumn": "none",
          "rawQuery": true,
          "rawSql": "SELECT\n  $__timeGroupAlias(\"time\",10s,previous),\n  unit AS metric,\n  avg(value) AS \"prgPV.lrPowerPV_8\"\nFROM public.measurements\nWHERE\n  $__timeFilter(\"time\") AND\n  variable = (select id from public.measurements_meta where project ='003d61dd-570a-4e50-89d6-0c2dba2c04ac' and variable = 'prgPV.lrPowerPV_8')\nGROUP BY 1,2\nORDER BY 1,2\n",
          "refId": "H",
          "select": [
            [
              {
                "params": [
                  "value"
                ],
                "type": "column"
              }
            ]
          ],
          "table": "measurements",
          "timeColumn": "\"time\"",
          "timeColumnType": "timestamp",
          "where": [
            {
              "name": "$__timeFilter",
              "params": [],
              "type": "macro"
            }
          ]
        },
        {
          "datasource": {
            "type": "postgres",
            "uid": "postgres_lynus"
          },
          "format": "table",
          "group": [],
          "hide": false,
          "metricColumn": "none",
          "rawQuery": true,
          "rawSql": "SELECT\n  $__timeGroupAlias(\"time\",10s,previous),\n  unit AS metric,\n  avg(value) AS \"prgPV.lrPowerPV_9\"\nFROM public.measurements\nWHERE\n  $__timeFilter(\"time\") AND\n  variable = (select id from public.measurements_meta where project ='003d61dd-570a-4e50-89d6-0c2dba2c04ac' and variable = 'prgPV.lrPowerPV_9')\nGROUP BY 1,2\nORDER BY 1,2\n",
          "refId": "I",
          "select": [
            [
              {
                "params": [
                  "value"
                ],
                "type": "column"
              }
            ]
          ],
          "table": "measurements",
          "timeColumn": "\"time\"",
          "timeColumnType": "timestamp",
          "where": [
            {
              "name": "$__timeFilter",
              "params": [],
              "type": "macro"
            }
          ]
        },
        {
          "datasource": {
            "type": "postgres",
            "uid": "postgres_lynus"
          },
          "format": "table",
          "group": [],
          "hide": false,
          "metricColumn": "none",
          "rawQuery": true,
          "rawSql": "SELECT\n  $__timeGroupAlias(\"time\",10s,previous),\n  unit AS metric,\n  avg(value) AS \"prgPV.lrPowerPV_10\"\nFROM public.measurements\nWHERE\n  $__timeFilter(\"time\") AND\n  variable = (select id from public.measurements_meta where project ='003d61dd-570a-4e50-89d6-0c2dba2c04ac' and variable = 'prgPV.lrPowerPV_10')\nGROUP BY 1,2\nORDER BY 1,2\n",
          "refId": "J",
          "select": [
            [
              {
                "params": [
                  "value"
                ],
                "type": "column"
              }
            ]
          ],
          "table": "measurements",
          "timeColumn": "\"time\"",
          "timeColumnType": "timestamp",
          "where": [
            {
              "name": "$__timeFilter",
              "params": [],
              "type": "macro"
            }
          ]
        },
        {
          "datasource": {
            "type": "postgres",
            "uid": "postgres_lynus"
          },
          "format": "table",
          "group": [],
          "hide": false,
          "metricColumn": "none",
          "rawQuery": true,
          "rawSql": "SELECT\n  $__timeGroupAlias(\"time\",10s,previous),\n  unit AS metric,\n  avg(value) AS \"prgPV.lrPowerPV_11\"\nFROM public.measurements\nWHERE\n  $__timeFilter(\"time\") AND\n  variable = (select id from public.measurements_meta where project ='003d61dd-570a-4e50-89d6-0c2dba2c04ac' and variable = 'prgPV.lrPowerPV_11')\nGROUP BY 1,2\nORDER BY 1,2\n",
          "refId": "K",
          "select": [
            [
              {
                "params": [
                  "value"
                ],
                "type": "column"
              }
            ]
          ],
          "table": "measurements",
          "timeColumn": "\"time\"",
          "timeColumnType": "timestamp",
          "where": [
            {
              "name": "$__timeFilter",
              "params": [],
              "type": "macro"
            }
          ]
        },
        {
          "datasource": {
            "type": "postgres",
            "uid": "postgres_lynus"
          },
          "format": "table",
          "group": [],
          "hide": false,
          "metricColumn": "none",
          "rawQuery": true,
          "rawSql": "SELECT\n  $__timeGroupAlias(\"time\",10s,previous),\n  unit AS metric,\n  avg(value) AS \"prgPV.lrPowerPV_12\"\nFROM public.measurements\nWHERE\n  $__timeFilter(\"time\") AND\n  variable = (select id from public.measurements_meta where project ='003d61dd-570a-4e50-89d6-0c2dba2c04ac' and variable = 'prgPV.lrPowerPV_12')\nGROUP BY 1,2\nORDER BY 1,2\n",
          "refId": "L",
          "select": [
            [
              {
                "params": [
                  "value"
                ],
                "type": "column"
              }
            ]
          ],
          "table": "measurements",
          "timeColumn": "\"time\"",
          "timeColumnType": "timestamp",
          "where": [
            {
              "name": "$__timeFilter",
              "params": [],
              "type": "macro"
            }
          ]
        }
      ],
      "title": "Feigl PV",
      "type": "timeseries"
    },
    {
      "datasource": {
        "type": "postgres",
        "uid": "postgres_lynus"
      },
      "fieldConfig": {
        "defaults": {
          "color": {
            "mode": "palette-classic"
          },
          "custom": {
            "axisCenteredZero": false,
            "axisColorMode": "text",
            "axisLabel": "",
            "axisPlacement": "auto",
            "barAlignment": 0,
            "drawStyle": "line",
            "fillOpacity": 0,
            "gradientMode": "none",
            "hideFrom": {
              "legend": false,
              "tooltip": false,
              "viz": false
            },
            "lineInterpolation": "linear",
            "lineWidth": 1,
            "pointSize": 5,
            "scaleDistribution": {
              "type": "linear"
            },
            "showPoints": "auto",
            "spanNulls": false,
            "stacking": {
              "group": "A",
              "mode": "none"
            },
            "thresholdsStyle": {
              "mode": "off"
            }
          },
          "mappings": [],
          "thresholds": {
            "mode": "absolute",
            "steps": [
              {
                "color": "green",
                "value": null
              },
              {
                "color": "red",
                "value": 80
              }
            ]
          }
        },
        "overrides": [
          {
            "matcher": {
              "id": "byName",
              "options": "prgBattery.dwSOCBattery"
            },
            "properties": [
              {
                "id": "color",
                "value": {
                  "fixedColor": "red",
                  "mode": "fixed"
                }
              }
            ]
          },
          {
            "matcher": {
              "id": "byName",
              "options": "prgPV_H1.lrPowerPV"
            },
            "properties": [
              {
                "id": "color",
                "value": {
                  "fixedColor": "green",
                  "mode": "fixed"
                }
              }
            ]
          },
          {
            "matcher": {
              "id": "byName",
              "options": "prgBattery_H1.lrPowerBattery"
            },
            "properties": [
              {
                "id": "color",
                "value": {
                  "fixedColor": "red",
                  "mode": "fixed"
                }
              }
            ]
          },
          {
            "matcher": {
              "id": "byName",
              "options": "prgHouse_H1.lrPowerHouse_Manual"
            },
            "properties": [
              {
                "id": "color",
                "value": {
                  "fixedColor": "purple",
                  "mode": "fixed"
                }
              }
            ]
          },
          {
            "matcher": {
              "id": "byName",
              "options": "prgGrid_H1.lrPowerGrid"
            },
            "properties": [
              {
                "id": "color",
                "value": {
                  "fixedColor": "orange",
                  "mode": "fixed"
                }
              }
            ]
          }
        ]
      },
      "gridPos": {
        "h": 14,
        "w": 24,
        "x": 0,
        "y": 28
      },
      "id": 4,
      "options": {
        "legend": {
          "calcs": [],
          "displayMode": "list",
          "placement": "bottom",
          "showLegend": true
        },
        "tooltip": {
          "mode": "multi",
          "sort": "desc"
        }
      },
      "targets": [
        {
          "datasource": {
            "type": "postgres",
            "uid": "postgres_lynus"
          },
          "format": "table",
          "group": [],
          "metricColumn": "none",
          "rawQuery": true,
          "rawSql": "SELECT\n  $__timeGroupAlias(\"time\",10s,previous),\n  unit AS metric,\n  avg(value) AS \"prgTemperature.real_Temp_BoilerOben\"\nFROM public.measurements\nWHERE\n  $__timeFilter(\"time\") AND\n  variable = (select id from public.measurements_meta where project ='003d61dd-570a-4e50-89d6-0c2dba2c04ac' and variable = 'prgTemperature.real_Temp_BoilerOben')\nGROUP BY 1,2\nORDER BY 1,2\n",
          "refId": "A",
          "select": [
            [
              {
                "params": [
                  "value"
                ],
                "type": "column"
              }
            ]
          ],
          "table": "measurements",
          "timeColumn": "\"time\"",
          "timeColumnType": "timestamp",
          "where": [
            {
              "name": "$__timeFilter",
              "params": [],
              "type": "macro"
            }
          ]
        },
        {
          "datasource": {
            "type": "postgres",
            "uid": "postgres_lynus"
          },
          "format": "table",
          "group": [],
          "hide": false,
          "metricColumn": "none",
          "rawQuery": true,
          "rawSql": "SELECT\n  $__timeGroupAlias(\"time\",10s,previous),\n  unit AS metric,\n  avg(value) AS \"prgTemperature.real_Temp_BoilerUnten\"\nFROM public.measurements\nWHERE\n  $__timeFilter(\"time\") AND\n  variable = (select id from public.measurements_meta where project ='003d61dd-570a-4e50-89d6-0c2dba2c04ac' and variable = 'prgTemperature.real_Temp_BoilerUnten')\nGROUP BY 1,2\nORDER BY 1,2\n",
          "refId": "B",
          "select": [
            [
              {
                "params": [
                  "value"
                ],
                "type": "column"
              }
            ]
          ],
          "table": "measurements",
          "timeColumn": "\"time\"",
          "timeColumnType": "timestamp",
          "where": [
            {
              "name": "$__timeFilter",
              "params": [],
              "type": "macro"
            }
          ]
        },
        {
          "datasource": {
            "type": "postgres",
            "uid": "postgres_lynus"
          },
          "format": "table",
          "group": [],
          "hide": false,
          "metricColumn": "none",
          "rawQuery": true,
          "rawSql": "SELECT\n  $__timeGroupAlias(\"time\",10s,previous),\n  unit AS metric,\n  avg(value) AS \"prgTemperature.real_Temp_BoilerMitte\"\nFROM public.measurements\nWHERE\n  $__timeFilter(\"time\") AND\n  variable = (select id from public.measurements_meta where project ='003d61dd-570a-4e50-89d6-0c2dba2c04ac' and variable = 'prgTemperature.real_Temp_BoilerMitte')\nGROUP BY 1,2\nORDER BY 1,2\n",
          "refId": "C",
          "select": [
            [
              {
                "params": [
                  "value"
                ],
                "type": "column"
              }
            ]
          ],
          "table": "measurements",
          "timeColumn": "\"time\"",
          "timeColumnType": "timestamp",
          "where": [
            {
              "name": "$__timeFilter",
              "params": [],
              "type": "macro"
            }
          ]
        }
      ],
      "title": "FeiglTemperature",
      "type": "timeseries"
    },
    {
      "datasource": {
        "type": "postgres",
        "uid": "postgres_lynus"
      },
      "fieldConfig": {
        "defaults": {
          "color": {
            "mode": "palette-classic"
          },
          "custom": {
            "axisCenteredZero": false,
            "axisColorMode": "text",
            "axisLabel": "",
            "axisPlacement": "auto",
            "barAlignment": 0,
            "drawStyle": "line",
            "fillOpacity": 0,
            "gradientMode": "none",
            "hideFrom": {
              "legend": false,
              "tooltip": false,
              "viz": false
            },
            "lineInterpolation": "linear",
            "lineWidth": 1,
            "pointSize": 5,
            "scaleDistribution": {
              "type": "linear"
            },
            "showPoints": "auto",
            "spanNulls": false,
            "stacking": {
              "group": "A",
              "mode": "none"
            },
            "thresholdsStyle": {
              "mode": "off"
            }
          },
          "mappings": [],
          "thresholds": {
            "mode": "absolute",
            "steps": [
              {
                "color": "green",
                "value": null
              },
              {
                "color": "red",
                "value": 80
              }
            ]
          }
        },
        "overrides": [
          {
            "matcher": {
              "id": "byName",
              "options": "prgBattery.dwSOCBattery"
            },
            "properties": [
              {
                "id": "color",
                "value": {
                  "fixedColor": "red",
                  "mode": "fixed"
                }
              }
            ]
          },
          {
            "matcher": {
              "id": "byName",
              "options": "prgPV_H1.lrPowerPV"
            },
            "properties": [
              {
                "id": "color",
                "value": {
                  "fixedColor": "green",
                  "mode": "fixed"
                }
              }
            ]
          },
          {
            "matcher": {
              "id": "byName",
              "options": "prgBattery_H1.lrPowerBattery"
            },
            "properties": [
              {
                "id": "color",
                "value": {
                  "fixedColor": "red",
                  "mode": "fixed"
                }
              }
            ]
          },
          {
            "matcher": {
              "id": "byName",
              "options": "prgHouse_H1.lrPowerHouse_Manual"
            },
            "properties": [
              {
                "id": "color",
                "value": {
                  "fixedColor": "purple",
                  "mode": "fixed"
                }
              }
            ]
          },
          {
            "matcher": {
              "id": "byName",
              "options": "prgGrid_H1.lrPowerGrid"
            },
            "properties": [
              {
                "id": "color",
                "value": {
                  "fixedColor": "orange",
                  "mode": "fixed"
                }
              }
            ]
          }
        ]
      },
      "gridPos": {
        "h": 14,
        "w": 24,
        "x": 0,
        "y": 42
      },
      "id": 5,
      "options": {
        "legend": {
          "calcs": [],
          "displayMode": "list",
          "placement": "bottom",
          "showLegend": true
        },
        "tooltip": {
          "mode": "multi",
          "sort": "desc"
        }
      },
      "targets": [
        {
          "datasource": {
            "type": "postgres",
            "uid": "postgres_lynus"
          },
          "format": "table",
          "group": [],
          "metricColumn": "none",
          "rawQuery": true,
          "rawSql": "SELECT\n  $__timeGroupAlias(\"time\",10s,previous),\n  unit AS metric,\n  avg(value) AS \"prgTemperature.b_OverTemperatureSwitch\"\nFROM public.measurements\nWHERE\n  $__timeFilter(\"time\") AND\n  variable = (select id from public.measurements_meta where project ='003d61dd-570a-4e50-89d6-0c2dba2c04ac' and variable = 'prgTemperature.b_OverTemperatureSwitch')\nGROUP BY 1,2\nORDER BY 1,2\n",
          "refId": "A",
          "select": [
            [
              {
                "params": [
                  "value"
                ],
                "type": "column"
              }
            ]
          ],
          "table": "measurements",
          "timeColumn": "\"time\"",
          "timeColumnType": "timestamp",
          "where": [
            {
              "name": "$__timeFilter",
              "params": [],
              "type": "macro"
            }
          ]
        }
      ],
      "title": "FeiglOverTemp",
      "type": "timeseries"
    }
  ],
  "refresh": "5s",
  "schemaVersion": 37,
  "style": "dark",
  "tags": [],
  "templating": {
    "list": []
  },
  "time": {
    "from": "now-6h",
    "to": "now"
  },
  "timepicker": {},
  "timezone": "",
  "title": "BMS Feigl",
  "uid": "Vblz9hiIz",
  "version": 6,
  "weekStart": ""
}