{
  "annotations": {
    "list": [
      {
        "builtIn": 1,
        "datasource": {
          "type": "grafana",
          "uid": "-- Grafana --"
        },
        "enable": true,
        "hide": true,
        "iconColor": "rgba(0, 211, 255, 1)",
        "name": "Annotations & Alerts",
        "target": {
          "limit": 100,
          "matchAny": false,
          "tags": [],
          "type": "dashboard"
        },
        "type": "dashboard"
      }
    ]
  },
  "editable": true,
  "fiscalYearStartMonth": 0,
  "graphTooltip": 0,
  "id": 11,
  "links": [],
  "liveNow": false,
  "panels": [
    {
      "datasource": {
        "type": "postgres",
        "uid": "postgres_lynus"
      },
      "description": "",
      "fieldConfig": {
        "defaults": {
          "color": {
            "mode": "palette-classic"
          },
          "custom": {
            "axisCenteredZero": false,
            "axisColorMode": "text",
            "axisLabel": "",
            "axisPlacement": "auto",
            "barAlignment": 0,
            "drawStyle": "line",
            "fillOpacity": 0,
            "gradientMode": "none",
            "hideFrom": {
              "legend": false,
              "tooltip": false,
              "viz": false
            },
            "lineInterpolation": "stepAfter",
            "lineWidth": 1,
            "pointSize": 5,
            "scaleDistribution": {
              "type": "linear"
            },
            "showPoints": "auto",
            "spanNulls": false,
            "stacking": {
              "group": "A",
              "mode": "none"
            },
            "thresholdsStyle": {
              "mode": "off"
            }
          },
          "mappings": [],
          "thresholds": {
            "mode": "absolute",
            "steps": [
              {
                "color": "green",
                "value": null
              }
            ]
          }
        },
        "overrides": []
      },
      "gridPos": {
        "h": 14,
        "w": 24,
        "x": 0,
        "y": 0
      },
      "id": 2,
      "options": {
        "legend": {
          "calcs": [],
          "displayMode": "list",
          "placement": "bottom",
          "showLegend": true
        },
        "tooltip": {
          "mode": "multi",
          "sort": "none"
        }
      },
      "targets": [
        {
          "datasource": {
            "type": "postgres",
            "uid": "postgres_lynus"
          },
          "format": "table",
          "group": [
            {
              "params": [
                "10s",
                "previous"
              ],
              "type": "time"
            }
          ],
          "hide": false,
          "metricColumn": "unit",
          "rawQuery": true,
          "rawSql": "SELECT\n  $__timeGroupAlias(\"time\",10s,previous),\n  unit AS metric,\n  avg(value) AS \"prgGrid.lrGridPower\"\nFROM public.measurements\nWHERE\n  $__timeFilter(\"time\") AND\n  variable = (select id from public.measurements_meta where project ='4c01ede1-e5b8-4f13-a81d-df39c4a65466' and variable = 'prgGrid.lrGridPower')\nGROUP BY 1,2\nORDER BY 1,2",
          "refId": "A",
          "select": [
            [
              {
                "params": [
                  "value"
                ],
                "type": "column"
              },
              {
                "params": [
                  "avg"
                ],
                "type": "aggregate"
              },
              {
                "params": [
                  "value"
                ],
                "type": "alias"
              }
            ]
          ],
          "table": "public.measurements",
          "timeColumn": "\"time\"",
          "timeColumnType": "timestamptz",
          "where": [
            {
              "name": "$__timeFilter",
              "params": [],
              "type": "macro"
            },
            {
              "datatype": "int8",
              "name": "",
              "params": [
                "variable",
                "=",
                "3975"
              ],
              "type": "expression"
            }
          ]
        },
        {
          "datasource": {
            "type": "postgres",
            "uid": "postgres_lynus"
          },
          "format": "table",
          "group": [
            {
              "params": [
                "10s",
                "previous"
              ],
              "type": "time"
            }
          ],
          "hide": false,
          "metricColumn": "unit",
          "rawQuery": true,
          "rawSql": "SELECT\n  $__timeGroupAlias(\"time\",10s,previous),\n  unit AS metric,\n  avg(value) AS \"prgCS.lrPowerCS\"\nFROM public.measurements\nWHERE\n  $__timeFilter(\"time\") AND\n  variable = (select id from public.measurements_meta where project ='4c01ede1-e5b8-4f13-a81d-df39c4a65466' and variable = 'prgCS.lrPowerCS')\nGROUP BY 1,2\nORDER BY 1,2",
          "refId": "B",
          "select": [
            [
              {
                "params": [
                  "value"
                ],
                "type": "column"
              },
              {
                "params": [
                  "avg"
                ],
                "type": "aggregate"
              },
              {
                "params": [
                  "value"
                ],
                "type": "alias"
              }
            ]
          ],
          "table": "public.measurements",
          "timeColumn": "\"time\"",
          "timeColumnType": "timestamptz",
          "where": [
            {
              "name": "$__timeFilter",
              "params": [],
              "type": "macro"
            },
            {
              "datatype": "int8",
              "name": "",
              "params": [
                "variable",
                "=",
                "3975"
              ],
              "type": "expression"
            }
          ]
        },
        {
          "datasource": {
            "type": "postgres",
            "uid": "postgres_lynus"
          },
          "format": "table",
          "group": [
            {
              "params": [
                "10s",
                "previous"
              ],
              "type": "time"
            }
          ],
          "hide": false,
          "metricColumn": "unit",
          "rawQuery": true,
          "rawSql": "SELECT\n  $__timeGroupAlias(\"time\",10s,previous),\n  unit AS metric,\n  avg(value) AS \"prgBattery.lrPowerBattery\"\nFROM public.measurements\nWHERE\n  $__timeFilter(\"time\") AND\n  variable = (select id from public.measurements_meta where project ='4c01ede1-e5b8-4f13-a81d-df39c4a65466' and variable = 'prgBattery.lrPowerBattery')\nGROUP BY 1,2\nORDER BY 1,2",
          "refId": "C",
          "select": [
            [
              {
                "params": [
                  "value"
                ],
                "type": "column"
              },
              {
                "params": [
                  "avg"
                ],
                "type": "aggregate"
              },
              {
                "params": [
                  "value"
                ],
                "type": "alias"
              }
            ]
          ],
          "table": "public.measurements",
          "timeColumn": "\"time\"",
          "timeColumnType": "timestamptz",
          "where": [
            {
              "name": "$__timeFilter",
              "params": [],
              "type": "macro"
            },
            {
              "datatype": "int8",
              "name": "",
              "params": [
                "variable",
                "=",
                "3975"
              ],
              "type": "expression"
            }
          ]
        },
        {
          "datasource": {
            "type": "postgres",
            "uid": "postgres_lynus"
          },
          "format": "table",
          "group": [
            {
              "params": [
                "10s",
                "previous"
              ],
              "type": "time"
            }
          ],
          "hide": false,
          "metricColumn": "unit",
          "rawQuery": true,
          "rawSql": "SELECT\n  $__timeGroupAlias(\"time\",10s,previous),\n  unit AS metric,\n  avg(value) AS \"prgHouse.lrPowerHouse\"\nFROM public.measurements\nWHERE\n  $__timeFilter(\"time\") AND\n  variable = (select id from public.measurements_meta where project ='4c01ede1-e5b8-4f13-a81d-df39c4a65466' and variable = 'prgHouse.lrPowerHouse')\nGROUP BY 1,2\nORDER BY 1,2",
          "refId": "D",
          "select": [
            [
              {
                "params": [
                  "value"
                ],
                "type": "column"
              },
              {
                "params": [
                  "avg"
                ],
                "type": "aggregate"
              },
              {
                "params": [
                  "value"
                ],
                "type": "alias"
              }
            ]
          ],
          "table": "public.measurements",
          "timeColumn": "\"time\"",
          "timeColumnType": "timestamptz",
          "where": [
            {
              "name": "$__timeFilter",
              "params": [],
              "type": "macro"
            },
            {
              "datatype": "int8",
              "name": "",
              "params": [
                "variable",
                "=",
                "3975"
              ],
              "type": "expression"
            }
          ]
        }
      ],
      "title": "Reichinger Wirkleistungen",
      "type": "timeseries"
    },
    {
      "datasource": {
        "type": "postgres",
        "uid": "postgres_lynus"
      },
      "description": "",
      "fieldConfig": {
        "defaults": {
          "color": {
            "mode": "palette-classic"
          },
          "custom": {
            "axisCenteredZero": false,
            "axisColorMode": "text",
            "axisLabel": "",
            "axisPlacement": "auto",
            "barAlignment": 0,
            "drawStyle": "line",
            "fillOpacity": 0,
            "gradientMode": "none",
            "hideFrom": {
              "legend": false,
              "tooltip": false,
              "viz": false
            },
            "lineInterpolation": "stepAfter",
            "lineWidth": 1,
            "pointSize": 5,
            "scaleDistribution": {
              "type": "linear"
            },
            "showPoints": "auto",
            "spanNulls": false,
            "stacking": {
              "group": "A",
              "mode": "none"
            },
            "thresholdsStyle": {
              "mode": "off"
            }
          },
          "mappings": [],
          "thresholds": {
            "mode": "absolute",
            "steps": [
              {
                "color": "green",
                "value": null
              }
            ]
          }
        },
        "overrides": [
          {
            "__systemRef": "hideSeriesFrom",
            "matcher": {
              "id": "byNames",
              "options": {
                "mode": "exclude",
                "names": [
                  "prgGrid.lrGridPower 15min Durchschnitt"
                ],
                "prefix": "All except:",
                "readOnly": true
              }
            },
            "properties": [
              {
                "id": "custom.hideFrom",
                "value": {
                  "legend": false,
                  "tooltip": false,
                  "viz": true
                }
              }
            ]
          }
        ]
      },
      "gridPos": {
        "h": 14,
        "w": 24,
        "x": 0,
        "y": 14
      },
      "id": 6,
      "options": {
        "legend": {
          "calcs": [
            "max"
          ],
          "displayMode": "list",
          "placement": "bottom",
          "showLegend": true
        },
        "tooltip": {
          "mode": "multi",
          "sort": "none"
        }
      },
      "targets": [
        {
          "datasource": {
            "type": "postgres",
            "uid": "postgres_lynus"
          },
          "format": "table",
          "group": [
            {
              "params": [
                "10s",
                "previous"
              ],
              "type": "time"
            }
          ],
          "hide": false,
          "metricColumn": "unit",
          "rawQuery": true,
          "rawSql": "SELECT\n  $__timeGroupAlias(\"time\",15m,previous),\n  unit AS metric,\n  avg(value) AS \"prgGrid.lrGridPower 15min Durchschnitt\"\nFROM public.measurements\nWHERE\n  $__timeFilter(\"time\") AND\n  variable = (select id from public.measurements_meta where project ='4c01ede1-e5b8-4f13-a81d-df39c4a65466' and variable = 'prgGrid.lrGridPower')\nGROUP BY 1,2\nORDER BY 1,2",
          "refId": "A",
          "select": [
            [
              {
                "params": [
                  "value"
                ],
                "type": "column"
              },
              {
                "params": [
                  "avg"
                ],
                "type": "aggregate"
              },
              {
                "params": [
                  "value"
                ],
                "type": "alias"
              }
            ]
          ],
          "table": "public.measurements",
          "timeColumn": "\"time\"",
          "timeColumnType": "timestamptz",
          "where": [
            {
              "name": "$__timeFilter",
              "params": [],
              "type": "macro"
            },
            {
              "datatype": "int8",
              "name": "",
              "params": [
                "variable",
                "=",
                "3975"
              ],
              "type": "expression"
            }
          ]
        }
      ],
      "title": "Reichinger Wirkleistungen 15min Durchschnitt",
      "type": "timeseries"
    },
    {
      "datasource": {
        "type": "postgres",
        "uid": "postgres_lynus"
      },
      "description": "",
      "fieldConfig": {
        "defaults": {
          "color": {
            "mode": "palette-classic"
          },
          "custom": {
            "axisCenteredZero": false,
            "axisColorMode": "text",
            "axisLabel": "",
            "axisPlacement": "auto",
            "barAlignment": 0,
            "drawStyle": "line",
            "fillOpacity": 0,
            "gradientMode": "none",
            "hideFrom": {
              "legend": false,
              "tooltip": false,
              "viz": false
            },
            "lineInterpolation": "stepAfter",
            "lineWidth": 1,
            "pointSize": 5,
            "scaleDistribution": {
              "type": "linear"
            },
            "showPoints": "auto",
            "spanNulls": false,
            "stacking": {
              "group": "A",
              "mode": "none"
            },
            "thresholdsStyle": {
              "mode": "off"
            }
          },
          "mappings": [],
          "thresholds": {
            "mode": "absolute",
            "steps": [
              {
                "color": "green",
                "value": null
              }
            ]
          }
        },
        "overrides": []
      },
      "gridPos": {
        "h": 14,
        "w": 24,
        "x": 0,
        "y": 28
      },
      "id": 3,
      "options": {
        "legend": {
          "calcs": [],
          "displayMode": "list",
          "placement": "bottom",
          "showLegend": true
        },
        "tooltip": {
          "mode": "multi",
          "sort": "none"
        }
      },
      "targets": [
        {
          "datasource": {
            "type": "postgres",
            "uid": "postgres_lynus"
          },
          "format": "table",
          "group": [
            {
              "params": [
                "10s",
                "previous"
              ],
              "type": "time"
            }
          ],
          "hide": false,
          "metricColumn": "unit",
          "rawQuery": true,
          "rawSql": "SELECT\n  $__timeGroupAlias(\"time\",10s,previous),\n  unit AS metric,\n  avg(value) AS \"prgBattery.lrPowerBattery\"\nFROM public.measurements\nWHERE\n  $__timeFilter(\"time\") AND\n  variable = (select id from public.measurements_meta where project ='4c01ede1-e5b8-4f13-a81d-df39c4a65466' and variable = 'prgBattery.lrPowerBattery')\nGROUP BY 1,2\nORDER BY 1,2",
          "refId": "A",
          "select": [
            [
              {
                "params": [
                  "value"
                ],
                "type": "column"
              },
              {
                "params": [
                  "avg"
                ],
                "type": "aggregate"
              },
              {
                "params": [
                  "value"
                ],
                "type": "alias"
              }
            ]
          ],
          "table": "public.measurements",
          "timeColumn": "\"time\"",
          "timeColumnType": "timestamptz",
          "where": [
            {
              "name": "$__timeFilter",
              "params": [],
              "type": "macro"
            },
            {
              "datatype": "int8",
              "name": "",
              "params": [
                "variable",
                "=",
                "3975"
              ],
              "type": "expression"
            }
          ]
        },
        {
          "datasource": {
            "type": "postgres",
            "uid": "postgres_lynus"
          },
          "format": "table",
          "group": [
            {
              "params": [
                "10s",
                "previous"
              ],
              "type": "time"
            }
          ],
          "hide": false,
          "metricColumn": "unit",
          "rawQuery": true,
          "rawSql": "SELECT\n  $__timeGroupAlias(\"time\",10s,previous),\n  unit AS metric,\n  avg(value) AS \"prgBattery.dwSOCBattery\"\nFROM public.measurements\nWHERE\n  $__timeFilter(\"time\") AND\n  variable = (select id from public.measurements_meta where project ='4c01ede1-e5b8-4f13-a81d-df39c4a65466' and variable = 'prgBattery.dwSOCBattery')\nGROUP BY 1,2\nORDER BY 1,2",
          "refId": "B",
          "select": [
            [
              {
                "params": [
                  "value"
                ],
                "type": "column"
              },
              {
                "params": [
                  "avg"
                ],
                "type": "aggregate"
              },
              {
                "params": [
                  "value"
                ],
                "type": "alias"
              }
            ]
          ],
          "table": "public.measurements",
          "timeColumn": "\"time\"",
          "timeColumnType": "timestamptz",
          "where": [
            {
              "name": "$__timeFilter",
              "params": [],
              "type": "macro"
            },
            {
              "datatype": "int8",
              "name": "",
              "params": [
                "variable",
                "=",
                "3975"
              ],
              "type": "expression"
            }
          ]
        },
        {
          "datasource": {
            "type": "postgres",
            "uid": "postgres_lynus"
          },
          "format": "table",
          "group": [
            {
              "params": [
                "10s",
                "previous"
              ],
              "type": "time"
            }
          ],
          "hide": false,
          "metricColumn": "unit",
          "rawQuery": true,
          "rawSql": "SELECT\n  $__timeGroupAlias(\"time\",10s,previous),\n  unit AS metric,\n  avg(value) AS \"prgBattery.rTargetPowerBattery\"\nFROM public.measurements\nWHERE\n  $__timeFilter(\"time\") AND\n  variable = (select id from public.measurements_meta where project ='4c01ede1-e5b8-4f13-a81d-df39c4a65466' and variable = 'prgBattery.rTargetPowerBattery')\nGROUP BY 1,2\nORDER BY 1,2",
          "refId": "C",
          "select": [
            [
              {
                "params": [
                  "value"
                ],
                "type": "column"
              },
              {
                "params": [
                  "avg"
                ],
                "type": "aggregate"
              },
              {
                "params": [
                  "value"
                ],
                "type": "alias"
              }
            ]
          ],
          "table": "public.measurements",
          "timeColumn": "\"time\"",
          "timeColumnType": "timestamptz",
          "where": [
            {
              "name": "$__timeFilter",
              "params": [],
              "type": "macro"
            },
            {
              "datatype": "int8",
              "name": "",
              "params": [
                "variable",
                "=",
                "3975"
              ],
              "type": "expression"
            }
          ]
        }
      ],
      "title": "Reichinger Batterie",
      "type": "timeseries"
    },
    {
      "datasource": {
        "type": "postgres",
        "uid": "postgres_lynus"
      },
      "description": "",
      "fieldConfig": {
        "defaults": {
          "color": {
            "mode": "palette-classic"
          },
          "custom": {
            "axisCenteredZero": false,
            "axisColorMode": "text",
            "axisLabel": "",
            "axisPlacement": "auto",
            "barAlignment": 0,
            "drawStyle": "line",
            "fillOpacity": 0,
            "gradientMode": "none",
            "hideFrom": {
              "legend": false,
              "tooltip": false,
              "viz": false
            },
            "lineInterpolation": "smooth",
            "lineWidth": 1,
            "pointSize": 5,
            "scaleDistribution": {
              "type": "linear"
            },
            "showPoints": "auto",
            "spanNulls": false,
            "stacking": {
              "group": "A",
              "mode": "none"
            },
            "thresholdsStyle": {
              "mode": "off"
            }
          },
          "mappings": [],
          "thresholds": {
            "mode": "absolute",
            "steps": [
              {
                "color": "green",
                "value": null
              }
            ]
          }
        },
        "overrides": []
      },
      "gridPos": {
        "h": 14,
        "w": 24,
        "x": 0,
        "y": 42
      },
      "id": 4,
      "options": {
        "legend": {
          "calcs": [],
          "displayMode": "list",
          "placement": "bottom",
          "showLegend": true
        },
        "tooltip": {
          "mode": "multi",
          "sort": "none"
        }
      },
      "targets": [
        {
          "datasource": {
            "type": "postgres",
            "uid": "postgres_lynus"
          },
          "format": "table",
          "group": [
            {
              "params": [
                "10s",
                "previous"
              ],
              "type": "time"
            }
          ],
          "hide": false,
          "metricColumn": "unit",
          "rawQuery": true,
          "rawSql": "SELECT\n  $__timeGroupAlias(\"time\",10s,previous),\n  unit AS metric,\n  avg(value) AS \"prgPV.lrPowerPV_1\"\nFROM public.measurements\nWHERE\n  $__timeFilter(\"time\") AND\n  variable = (select id from public.measurements_meta where project ='4c01ede1-e5b8-4f13-a81d-df39c4a65466' and variable = 'prgPV.lrPowerPV_1')\nGROUP BY 1,2\nORDER BY 1,2",
          "refId": "A",
          "select": [
            [
              {
                "params": [
                  "value"
                ],
                "type": "column"
              },
              {
                "params": [
                  "avg"
                ],
                "type": "aggregate"
              },
              {
                "params": [
                  "value"
                ],
                "type": "alias"
              }
            ]
          ],
          "table": "public.measurements",
          "timeColumn": "\"time\"",
          "timeColumnType": "timestamptz",
          "where": [
            {
              "name": "$__timeFilter",
              "params": [],
              "type": "macro"
            },
            {
              "datatype": "int8",
              "name": "",
              "params": [
                "variable",
                "=",
                "3975"
              ],
              "type": "expression"
            }
          ]
        },
        {
          "datasource": {
            "type": "postgres",
            "uid": "postgres_lynus"
          },
          "format": "table",
          "group": [
            {
              "params": [
                "10s",
                "previous"
              ],
              "type": "time"
            }
          ],
          "hide": false,
          "metricColumn": "unit",
          "rawQuery": true,
          "rawSql": "SELECT\n  $__timeGroupAlias(\"time\",10s,previous),\n  unit AS metric,\n  avg(value) AS \"prgPV.lrPowerPV_2\"\nFROM public.measurements\nWHERE\n  $__timeFilter(\"time\") AND\n  variable = (select id from public.measurements_meta where project ='4c01ede1-e5b8-4f13-a81d-df39c4a65466' and variable = 'prgPV.lrPowerPV_2')\nGROUP BY 1,2\nORDER BY 1,2",
          "refId": "B",
          "select": [
            [
              {
                "params": [
                  "value"
                ],
                "type": "column"
              },
              {
                "params": [
                  "avg"
                ],
                "type": "aggregate"
              },
              {
                "params": [
                  "value"
                ],
                "type": "alias"
              }
            ]
          ],
          "table": "public.measurements",
          "timeColumn": "\"time\"",
          "timeColumnType": "timestamptz",
          "where": [
            {
              "name": "$__timeFilter",
              "params": [],
              "type": "macro"
            },
            {
              "datatype": "int8",
              "name": "",
              "params": [
                "variable",
                "=",
                "3975"
              ],
              "type": "expression"
            }
          ]
        },
        {
          "datasource": {
            "type": "postgres",
            "uid": "postgres_lynus"
          },
          "format": "table",
          "group": [
            {
              "params": [
                "10s",
                "previous"
              ],
              "type": "time"
            }
          ],
          "hide": false,
          "metricColumn": "unit",
          "rawQuery": true,
          "rawSql": "SELECT\n  $__timeGroupAlias(\"time\",10s,previous),\n  unit AS metric,\n  avg(value) AS \"prgPV.lrPowerPV_3\"\nFROM public.measurements\nWHERE\n  $__timeFilter(\"time\") AND\n  variable = (select id from public.measurements_meta where project ='4c01ede1-e5b8-4f13-a81d-df39c4a65466' and variable = 'prgPV.lrPowerPV_3')\nGROUP BY 1,2\nORDER BY 1,2",
          "refId": "C",
          "select": [
            [
              {
                "params": [
                  "value"
                ],
                "type": "column"
              },
              {
                "params": [
                  "avg"
                ],
                "type": "aggregate"
              },
              {
                "params": [
                  "value"
                ],
                "type": "alias"
              }
            ]
          ],
          "table": "public.measurements",
          "timeColumn": "\"time\"",
          "timeColumnType": "timestamptz",
          "where": [
            {
              "name": "$__timeFilter",
              "params": [],
              "type": "macro"
            },
            {
              "datatype": "int8",
              "name": "",
              "params": [
                "variable",
                "=",
                "3975"
              ],
              "type": "expression"
            }
          ]
        },
        {
          "datasource": {
            "type": "postgres",
            "uid": "postgres_lynus"
          },
          "format": "table",
          "group": [
            {
              "params": [
                "10s",
                "previous"
              ],
              "type": "time"
            }
          ],
          "hide": false,
          "metricColumn": "unit",
          "rawQuery": true,
          "rawSql": "SELECT\n  $__timeGroupAlias(\"time\",10s,previous),\n  unit AS metric,\n  avg(value) AS \"prgPV.lrPowerPV_4\"\nFROM public.measurements\nWHERE\n  $__timeFilter(\"time\") AND\n  variable = (select id from public.measurements_meta where project ='4c01ede1-e5b8-4f13-a81d-df39c4a65466' and variable = 'prgPV.lrPowerPV_4')\nGROUP BY 1,2\nORDER BY 1,2",
          "refId": "D",
          "select": [
            [
              {
                "params": [
                  "value"
                ],
                "type": "column"
              },
              {
                "params": [
                  "avg"
                ],
                "type": "aggregate"
              },
              {
                "params": [
                  "value"
                ],
                "type": "alias"
              }
            ]
          ],
          "table": "public.measurements",
          "timeColumn": "\"time\"",
          "timeColumnType": "timestamptz",
          "where": [
            {
              "name": "$__timeFilter",
              "params": [],
              "type": "macro"
            },
            {
              "datatype": "int8",
              "name": "",
              "params": [
                "variable",
                "=",
                "3975"
              ],
              "type": "expression"
            }
          ]
        },
        {
          "datasource": {
            "type": "postgres",
            "uid": "postgres_lynus"
          },
          "format": "table",
          "group": [
            {
              "params": [
                "10s",
                "previous"
              ],
              "type": "time"
            }
          ],
          "hide": false,
          "metricColumn": "unit",
          "rawQuery": true,
          "rawSql": "SELECT\n  $__timeGroupAlias(\"time\",10s,previous),\n  unit AS metric,\n  avg(value) AS \"prgPV.lrPowerPV_5\"\nFROM public.measurements\nWHERE\n  $__timeFilter(\"time\") AND\n  variable = (select id from public.measurements_meta where project ='4c01ede1-e5b8-4f13-a81d-df39c4a65466' and variable = 'prgPV.lrPowerPV_5')\nGROUP BY 1,2\nORDER BY 1,2",
          "refId": "E",
          "select": [
            [
              {
                "params": [
                  "value"
                ],
                "type": "column"
              },
              {
                "params": [
                  "avg"
                ],
                "type": "aggregate"
              },
              {
                "params": [
                  "value"
                ],
                "type": "alias"
              }
            ]
          ],
          "table": "public.measurements",
          "timeColumn": "\"time\"",
          "timeColumnType": "timestamptz",
          "where": [
            {
              "name": "$__timeFilter",
              "params": [],
              "type": "macro"
            },
            {
              "datatype": "int8",
              "name": "",
              "params": [
                "variable",
                "=",
                "3975"
              ],
              "type": "expression"
            }
          ]
        },
        {
          "datasource": {
            "type": "postgres",
            "uid": "postgres_lynus"
          },
          "format": "table",
          "group": [
            {
              "params": [
                "10s",
                "previous"
              ],
              "type": "time"
            }
          ],
          "hide": false,
          "metricColumn": "unit",
          "rawQuery": true,
          "rawSql": "SELECT\n  $__timeGroupAlias(\"time\",10s,previous),\n  unit AS metric,\n  avg(value) AS \"prgPV.lrPowerPV_6\"\nFROM public.measurements\nWHERE\n  $__timeFilter(\"time\") AND\n  variable = (select id from public.measurements_meta where project ='4c01ede1-e5b8-4f13-a81d-df39c4a65466' and variable = 'prgPV.lrPowerPV_6')\nGROUP BY 1,2\nORDER BY 1,2",
          "refId": "F",
          "select": [
            [
              {
                "params": [
                  "value"
                ],
                "type": "column"
              },
              {
                "params": [
                  "avg"
                ],
                "type": "aggregate"
              },
              {
                "params": [
                  "value"
                ],
                "type": "alias"
              }
            ]
          ],
          "table": "public.measurements",
          "timeColumn": "\"time\"",
          "timeColumnType": "timestamptz",
          "where": [
            {
              "name": "$__timeFilter",
              "params": [],
              "type": "macro"
            },
            {
              "datatype": "int8",
              "name": "",
              "params": [
                "variable",
                "=",
                "3975"
              ],
              "type": "expression"
            }
          ]
        },
        {
          "datasource": {
            "type": "postgres",
            "uid": "postgres_lynus"
          },
          "format": "table",
          "group": [
            {
              "params": [
                "10s",
                "previous"
              ],
              "type": "time"
            }
          ],
          "hide": false,
          "metricColumn": "unit",
          "rawQuery": true,
          "rawSql": "SELECT\n  $__timeGroupAlias(\"time\",10s,previous),\n  unit AS metric,\n  avg(value) AS \"prgPV.lrPowerPV_7\"\nFROM public.measurements\nWHERE\n  $__timeFilter(\"time\") AND\n  variable = (select id from public.measurements_meta where project ='4c01ede1-e5b8-4f13-a81d-df39c4a65466' and variable = 'prgPV.lrPowerPV_7')\nGROUP BY 1,2\nORDER BY 1,2",
          "refId": "G",
          "select": [
            [
              {
                "params": [
                  "value"
                ],
                "type": "column"
              },
              {
                "params": [
                  "avg"
                ],
                "type": "aggregate"
              },
              {
                "params": [
                  "value"
                ],
                "type": "alias"
              }
            ]
          ],
          "table": "public.measurements",
          "timeColumn": "\"time\"",
          "timeColumnType": "timestamptz",
          "where": [
            {
              "name": "$__timeFilter",
              "params": [],
              "type": "macro"
            },
            {
              "datatype": "int8",
              "name": "",
              "params": [
                "variable",
                "=",
                "3975"
              ],
              "type": "expression"
            }
          ]
        }
      ],
      "title": "Reichinger Solar",
      "type": "timeseries"
    },
    {
      "datasource": {
        "type": "postgres",
        "uid": "postgres_lynus"
      },
      "description": "",
      "fieldConfig": {
        "defaults": {
          "color": {
            "mode": "palette-classic"
          },
          "custom": {
            "axisCenteredZero": false,
            "axisColorMode": "text",
            "axisLabel": "",
            "axisPlacement": "auto",
            "barAlignment": 0,
            "drawStyle": "line",
            "fillOpacity": 50,
            "gradientMode": "none",
            "hideFrom": {
              "legend": false,
              "tooltip": false,
              "viz": false
            },
            "lineInterpolation": "linear",
            "lineWidth": 1,
            "pointSize": 5,
            "scaleDistribution": {
              "type": "linear"
            },
            "showPoints": "auto",
            "spanNulls": false,
            "stacking": {
              "group": "A",
              "mode": "normal"
            },
            "thresholdsStyle": {
              "mode": "off"
            }
          },
          "mappings": [],
          "thresholds": {
            "mode": "absolute",
            "steps": [
              {
                "color": "green",
                "value": null
              }
            ]
          }
        },
        "overrides": []
      },
      "gridPos": {
        "h": 14,
        "w": 24,
        "x": 0,
        "y": 56
      },
      "id": 5,
      "options": {
        "legend": {
          "calcs": [],
          "displayMode": "list",
          "placement": "bottom",
          "showLegend": true
        },
        "tooltip": {
          "mode": "multi",
          "sort": "none"
        }
      },
      "targets": [
        {
          "datasource": {
            "type": "postgres",
            "uid": "postgres_lynus"
          },
          "format": "table",
          "group": [
            {
              "params": [
                "10s",
                "previous"
              ],
              "type": "time"
            }
          ],
          "hide": false,
          "metricColumn": "unit",
          "rawQuery": true,
          "rawSql": "SELECT\n  $__timeGroupAlias(\"time\",60s,previous),\n  unit AS metric,\n  avg(value) AS \"prgPV.lrPowerPV_1\"\nFROM public.measurements\nWHERE\n  $__timeFilter(\"time\") AND\n  variable = (select id from public.measurements_meta where project ='4c01ede1-e5b8-4f13-a81d-df39c4a65466' and variable = 'prgPV.lrPowerPV_1')\nGROUP BY 1,2\nORDER BY 1,2",
          "refId": "A",
          "select": [
            [
              {
                "params": [
                  "value"
                ],
                "type": "column"
              },
              {
                "params": [
                  "avg"
                ],
                "type": "aggregate"
              },
              {
                "params": [
                  "value"
                ],
                "type": "alias"
              }
            ]
          ],
          "table": "public.measurements",
          "timeColumn": "\"time\"",
          "timeColumnType": "timestamptz",
          "where": [
            {
              "name": "$__timeFilter",
              "params": [],
              "type": "macro"
            },
            {
              "datatype": "int8",
              "name": "",
              "params": [
                "variable",
                "=",
                "3975"
              ],
              "type": "expression"
            }
          ]
        },
        {
          "datasource": {
            "type": "postgres",
            "uid": "postgres_lynus"
          },
          "format": "table",
          "group": [
            {
              "params": [
                "10s",
                "previous"
              ],
              "type": "time"
            }
          ],
          "hide": false,
          "metricColumn": "unit",
          "rawQuery": true,
          "rawSql": "SELECT\n  $__timeGroupAlias(\"time\",60s,previous),\n  unit AS metric,\n  avg(value) AS \"prgPV.lrPowerPV_2\"\nFROM public.measurements\nWHERE\n  $__timeFilter(\"time\") AND\n  variable = (select id from public.measurements_meta where project ='4c01ede1-e5b8-4f13-a81d-df39c4a65466' and variable = 'prgPV.lrPowerPV_2')\nGROUP BY 1,2\nORDER BY 1,2",
          "refId": "B",
          "select": [
            [
              {
                "params": [
                  "value"
                ],
                "type": "column"
              },
              {
                "params": [
                  "avg"
                ],
                "type": "aggregate"
              },
              {
                "params": [
                  "value"
                ],
                "type": "alias"
              }
            ]
          ],
          "table": "public.measurements",
          "timeColumn": "\"time\"",
          "timeColumnType": "timestamptz",
          "where": [
            {
              "name": "$__timeFilter",
              "params": [],
              "type": "macro"
            },
            {
              "datatype": "int8",
              "name": "",
              "params": [
                "variable",
                "=",
                "3975"
              ],
              "type": "expression"
            }
          ]
        },
        {
          "datasource": {
            "type": "postgres",
            "uid": "postgres_lynus"
          },
          "format": "table",
          "group": [
            {
              "params": [
                "10s",
                "previous"
              ],
              "type": "time"
            }
          ],
          "hide": false,
          "metricColumn": "unit",
          "rawQuery": true,
          "rawSql": "SELECT\n  $__timeGroupAlias(\"time\",60s,previous),\n  unit AS metric,\n  avg(value) AS \"prgPV.lrPowerPV_3\"\nFROM public.measurements\nWHERE\n  $__timeFilter(\"time\") AND\n  variable = (select id from public.measurements_meta where project ='4c01ede1-e5b8-4f13-a81d-df39c4a65466' and variable = 'prgPV.lrPowerPV_3')\nGROUP BY 1,2\nORDER BY 1,2",
          "refId": "C",
          "select": [
            [
              {
                "params": [
                  "value"
                ],
                "type": "column"
              },
              {
                "params": [
                  "avg"
                ],
                "type": "aggregate"
              },
              {
                "params": [
                  "value"
                ],
                "type": "alias"
              }
            ]
          ],
          "table": "public.measurements",
          "timeColumn": "\"time\"",
          "timeColumnType": "timestamptz",
          "where": [
            {
              "name": "$__timeFilter",
              "params": [],
              "type": "macro"
            },
            {
              "datatype": "int8",
              "name": "",
              "params": [
                "variable",
                "=",
                "3975"
              ],
              "type": "expression"
            }
          ]
        },
        {
          "datasource": {
            "type": "postgres",
            "uid": "postgres_lynus"
          },
          "format": "table",
          "group": [
            {
              "params": [
                "10s",
                "previous"
              ],
              "type": "time"
            }
          ],
          "hide": false,
          "metricColumn": "unit",
          "rawQuery": true,
          "rawSql": "SELECT\n  $__timeGroupAlias(\"time\",60s,previous),\n  unit AS metric,\n  avg(value) AS \"prgPV.lrPowerPV_4\"\nFROM public.measurements\nWHERE\n  $__timeFilter(\"time\") AND\n  variable = (select id from public.measurements_meta where project ='4c01ede1-e5b8-4f13-a81d-df39c4a65466' and variable = 'prgPV.lrPowerPV_4')\nGROUP BY 1,2\nORDER BY 1,2",
          "refId": "D",
          "select": [
            [
              {
                "params": [
                  "value"
                ],
                "type": "column"
              },
              {
                "params": [
                  "avg"
                ],
                "type": "aggregate"
              },
              {
                "params": [
                  "value"
                ],
                "type": "alias"
              }
            ]
          ],
          "table": "public.measurements",
          "timeColumn": "\"time\"",
          "timeColumnType": "timestamptz",
          "where": [
            {
              "name": "$__timeFilter",
              "params": [],
              "type": "macro"
            },
            {
              "datatype": "int8",
              "name": "",
              "params": [
                "variable",
                "=",
                "3975"
              ],
              "type": "expression"
            }
          ]
        },
        {
          "datasource": {
            "type": "postgres",
            "uid": "postgres_lynus"
          },
          "format": "table",
          "group": [
            {
              "params": [
                "10s",
                "previous"
              ],
              "type": "time"
            }
          ],
          "hide": false,
          "metricColumn": "unit",
          "rawQuery": true,
          "rawSql": "SELECT\n  $__timeGroupAlias(\"time\",60s,previous),\n  unit AS metric,\n  avg(value) AS \"prgPV.lrPowerPV_5\"\nFROM public.measurements\nWHERE\n  $__timeFilter(\"time\") AND\n  variable = (select id from public.measurements_meta where project ='4c01ede1-e5b8-4f13-a81d-df39c4a65466' and variable = 'prgPV.lrPowerPV_5')\nGROUP BY 1,2\nORDER BY 1,2",
          "refId": "E",
          "select": [
            [
              {
                "params": [
                  "value"
                ],
                "type": "column"
              },
              {
                "params": [
                  "avg"
                ],
                "type": "aggregate"
              },
              {
                "params": [
                  "value"
                ],
                "type": "alias"
              }
            ]
          ],
          "table": "public.measurements",
          "timeColumn": "\"time\"",
          "timeColumnType": "timestamptz",
          "where": [
            {
              "name": "$__timeFilter",
              "params": [],
              "type": "macro"
            },
            {
              "datatype": "int8",
              "name": "",
              "params": [
                "variable",
                "=",
                "3975"
              ],
              "type": "expression"
            }
          ]
        },
        {
          "datasource": {
            "type": "postgres",
            "uid": "postgres_lynus"
          },
          "format": "table",
          "group": [
            {
              "params": [
                "10s",
                "previous"
              ],
              "type": "time"
            }
          ],
          "hide": false,
          "metricColumn": "unit",
          "rawQuery": true,
          "rawSql": "SELECT\n  $__timeGroupAlias(\"time\",60s,previous),\n  unit AS metric,\n  avg(value) AS \"prgPV.lrPowerPV_6\"\nFROM public.measurements\nWHERE\n  $__timeFilter(\"time\") AND\n  variable = (select id from public.measurements_meta where project ='4c01ede1-e5b8-4f13-a81d-df39c4a65466' and variable = 'prgPV.lrPowerPV_6')\nGROUP BY 1,2\nORDER BY 1,2",
          "refId": "F",
          "select": [
            [
              {
                "params": [
                  "value"
                ],
                "type": "column"
              },
              {
                "params": [
                  "avg"
                ],
                "type": "aggregate"
              },
              {
                "params": [
                  "value"
                ],
                "type": "alias"
              }
            ]
          ],
          "table": "public.measurements",
          "timeColumn": "\"time\"",
          "timeColumnType": "timestamptz",
          "where": [
            {
              "name": "$__timeFilter",
              "params": [],
              "type": "macro"
            },
            {
              "datatype": "int8",
              "name": "",
              "params": [
                "variable",
                "=",
                "3975"
              ],
              "type": "expression"
            }
          ]
        },
        {
          "datasource": {
            "type": "postgres",
            "uid": "postgres_lynus"
          },
          "format": "table",
          "group": [
            {
              "params": [
                "10s",
                "previous"
              ],
              "type": "time"
            }
          ],
          "hide": false,
          "metricColumn": "unit",
          "rawQuery": true,
          "rawSql": "SELECT\n  $__timeGroupAlias(\"time\",60s,previous),\n  unit AS metric,\n  avg(value) AS \"prgPV.lrPowerPV_7\"\nFROM public.measurements\nWHERE\n  $__timeFilter(\"time\") AND\n  variable = (select id from public.measurements_meta where project ='4c01ede1-e5b8-4f13-a81d-df39c4a65466' and variable = 'prgPV.lrPowerPV_7')\nGROUP BY 1,2\nORDER BY 1,2",
          "refId": "G",
          "select": [
            [
              {
                "params": [
                  "value"
                ],
                "type": "column"
              },
              {
                "params": [
                  "avg"
                ],
                "type": "aggregate"
              },
              {
                "params": [
                  "value"
                ],
                "type": "alias"
              }
            ]
          ],
          "table": "public.measurements",
          "timeColumn": "\"time\"",
          "timeColumnType": "timestamptz",
          "where": [
            {
              "name": "$__timeFilter",
              "params": [],
              "type": "macro"
            },
            {
              "datatype": "int8",
              "name": "",
              "params": [
                "variable",
                "=",
                "3975"
              ],
              "type": "expression"
            }
          ]
        }
      ],
      "title": "Reichinger Solar stacked",
      "type": "timeseries"
    }
  ],
  "refresh": "5s",
  "schemaVersion": 37,
  "style": "dark",
  "tags": [],
  "templating": {
    "list": []
  },
  "time": {
    "from": "now-24h",
    "to": "now"
  },
  "timepicker": {},
  "timezone": "",
  "title": "BMS Reichinger",
  "uid": "kJ1kwWhVk",
  "version": 2,
  "weekStart": ""
}