{
  "annotations": {
    "list": [
      {
        "builtIn": 1,
        "datasource": {
          "type": "grafana",
          "uid": "-- Grafana --"
        },
        "enable": true,
        "hide": true,
        "iconColor": "rgba(0, 211, 255, 1)",
        "name": "Annotations & Alerts",
        "target": {
          "limit": 100,
          "matchAny": false,
          "tags": [],
          "type": "dashboard"
        },
        "type": "dashboard"
      }
    ]
  },
  "editable": true,
  "fiscalYearStartMonth": 0,
  "graphTooltip": 0,
  "id": 29,
  "links": [],
  "liveNow": false,
  "panels": [
    {
      "datasource": {
        "type": "postgres",
        "uid": "postgres_lynus"
      },
      "fieldConfig": {
        "defaults": {
          "color": {
            "mode": "palette-classic"
          },
          "custom": {
            "axisCenteredZero": false,
            "axisColorMode": "text",
            "axisLabel": "",
            "axisPlacement": "auto",
            "barAlignment": 0,
            "drawStyle": "line",
            "fillOpacity": 0,
            "gradientMode": "none",
            "hideFrom": {
              "legend": false,
              "tooltip": false,
              "viz": false
            },
            "lineInterpolation": "linear",
            "lineWidth": 1,
            "pointSize": 5,
            "scaleDistribution": {
              "type": "linear"
            },
            "showPoints": "auto",
            "spanNulls": false,
            "stacking": {
              "group": "A",
              "mode": "none"
            },
            "thresholdsStyle": {
              "mode": "off"
            }
          },
          "mappings": [],
          "thresholds": {
            "mode": "absolute",
            "steps": [
              {
                "color": "green",
                "value": null
              },
              {
                "color": "red",
                "value": 80
              }
            ]
          }
        },
        "overrides": []
      },
      "gridPos": {
        "h": 14,
        "w": 24,
        "x": 0,
        "y": 0
      },
      "id": 2,
      "options": {
        "legend": {
          "calcs": [],
          "displayMode": "list",
          "placement": "bottom",
          "showLegend": true
        },
        "tooltip": {
          "mode": "multi",
          "sort": "desc"
        }
      },
      "targets": [
        {
          "datasource": {
            "type": "postgres",
            "uid": "postgres_lynus"
          },
          "format": "table",
          "group": [],
          "metricColumn": "none",
          "rawQuery": true,
          "rawSql": "SELECT\r\n  $__timeGroupAlias(\"time\",1s,previous),\r\n  unit AS metric,\r\n  avg(value) AS \"prgGrid.lrPowerGrid\"\r\nFROM public.measurements\r\nWHERE\r\n  $__timeFilter(\"time\") AND\r\n  variable = (select id from public.measurements_meta where project ='18ed2c2c-71cc-462d-a71b-c9ad5e65f4c8' and variable = 'prgGrid.lrPowerGrid')\r\nGROUP BY 1,2\r\nORDER BY 1,2",
          "refId": "A",
          "select": [
            [
              {
                "params": [
                  "value"
                ],
                "type": "column"
              }
            ]
          ],
          "table": "measurements",
          "timeColumn": "\"time\"",
          "timeColumnType": "timestamp",
          "where": [
            {
              "name": "$__timeFilter",
              "params": [],
              "type": "macro"
            }
          ]
        },
        {
          "datasource": {
            "type": "postgres",
            "uid": "postgres_lynus"
          },
          "format": "table",
          "group": [],
          "hide": false,
          "metricColumn": "none",
          "rawQuery": true,
          "rawSql": "SELECT\r\n  $__timeGroupAlias(\"time\",1s,previous),\r\n  unit AS metric,\r\n  avg(value) AS \"prgBattery.lrPowerBattery\"\r\nFROM public.measurements\r\nWHERE\r\n  $__timeFilter(\"time\") AND\r\n  variable = (select id from public.measurements_meta where project ='18ed2c2c-71cc-462d-a71b-c9ad5e65f4c8' and variable = 'prgBattery.lrPowerBattery')\r\nGROUP BY 1,2\r\nORDER BY 1,2",
          "refId": "B",
          "select": [
            [
              {
                "params": [
                  "value"
                ],
                "type": "column"
              }
            ]
          ],
          "table": "measurements",
          "timeColumn": "\"time\"",
          "timeColumnType": "timestamp",
          "where": [
            {
              "name": "$__timeFilter",
              "params": [],
              "type": "macro"
            }
          ]
        },
        {
          "datasource": {
            "type": "postgres",
            "uid": "postgres_lynus"
          },
          "format": "table",
          "group": [],
          "hide": false,
          "metricColumn": "none",
          "rawQuery": true,
          "rawSql": "SELECT\r\n  $__timeGroupAlias(\"time\",1s,previous),\r\n  unit AS metric,\r\n  avg(value) AS \"prgPV.lrPowerPV\"\r\nFROM public.measurements\r\nWHERE\r\n  $__timeFilter(\"time\") AND\r\n  variable = (select id from public.measurements_meta where project ='18ed2c2c-71cc-462d-a71b-c9ad5e65f4c8' and variable = 'prgPV.lrPowerPV')\r\nGROUP BY 1,2\r\nORDER BY 1,2",
          "refId": "C",
          "select": [
            [
              {
                "params": [
                  "value"
                ],
                "type": "column"
              }
            ]
          ],
          "table": "measurements",
          "timeColumn": "\"time\"",
          "timeColumnType": "timestamp",
          "where": [
            {
              "name": "$__timeFilter",
              "params": [],
              "type": "macro"
            }
          ]
        },
        {
          "datasource": {
            "type": "postgres",
            "uid": "postgres_lynus"
          },
          "format": "table",
          "group": [],
          "hide": false,
          "metricColumn": "none",
          "rawQuery": true,
          "rawSql": "SELECT\r\n  $__timeGroupAlias(\"time\",1m,previous),\r\n  unit AS metric,\r\n  avg(value) AS \"prgHouse.lrPowerHouse\"\r\nFROM public.measurements\r\nWHERE\r\n  $__timeFilter(\"time\") AND\r\n  variable = (select id from public.measurements_meta where project ='18ed2c2c-71cc-462d-a71b-c9ad5e65f4c8' and variable = 'prgHouse.lrPowerHouse')\r\nGROUP BY 1,2\r\nORDER BY 1,2",
          "refId": "D",
          "select": [
            [
              {
                "params": [
                  "value"
                ],
                "type": "column"
              }
            ]
          ],
          "table": "measurements",
          "timeColumn": "\"time\"",
          "timeColumnType": "timestamp",
          "where": [
            {
              "name": "$__timeFilter",
              "params": [],
              "type": "macro"
            }
          ]
        }
      ],
      "title": "Panel Title",
      "type": "timeseries"
    }
  ],
  "refresh": "5s",
  "schemaVersion": 37,
  "style": "dark",
  "tags": [],
  "templating": {
    "list": []
  },
  "time": {
    "from": "now-3h",
    "to": "now"
  },
  "timepicker": {},
  "timezone": "",
  "title": "BMS Mayrhofer",
  "uid": "cutve5_Vk",
  "version": 1,
  "weekStart": ""
}