{
  "annotations": {
    "list": [
      {
        "builtIn": 1,
        "datasource": {
          "type": "grafana",
          "uid": "-- Grafana --"
        },
        "enable": true,
        "hide": true,
        "iconColor": "rgba(0, 211, 255, 1)",
        "name": "Annotations & Alerts",
        "target": {
          "limit": 100,
          "matchAny": false,
          "tags": [],
          "type": "dashboard"
        },
        "type": "dashboard"
      }
    ]
  },
  "editable": true,
  "fiscalYearStartMonth": 0,
  "graphTooltip": 2,
  "id": 17,
  "links": [],
  "liveNow": false,
  "panels": [
    {
      "datasource": {
        "type": "postgres",
        "uid": "postgres_lynus"
      },
      "description": "",
      "fieldConfig": {
        "defaults": {
          "color": {
            "mode": "palette-classic"
          },
          "custom": {
            "axisCenteredZero": false,
            "axisColorMode": "text",
            "axisLabel": "",
            "axisPlacement": "auto",
            "barAlignment": 0,
            "drawStyle": "line",
            "fillOpacity": 0,
            "gradientMode": "none",
            "hideFrom": {
              "legend": false,
              "tooltip": false,
              "viz": false
            },
            "lineInterpolation": "linear",
            "lineWidth": 1,
            "pointSize": 5,
            "scaleDistribution": {
              "type": "linear"
            },
            "showPoints": "auto",
            "spanNulls": false,
            "stacking": {
              "group": "A",
              "mode": "none"
            },
            "thresholdsStyle": {
              "mode": "off"
            }
          },
          "mappings": [],
          "thresholds": {
            "mode": "absolute",
            "steps": [
              {
                "color": "green",
                "value": null
              }
            ]
          }
        },
        "overrides": [
          {
            "matcher": {
              "id": "byName",
              "options": "prgPV.lrPowerPV"
            },
            "properties": [
              {
                "id": "color",
                "value": {
                  "fixedColor": "blue",
                  "mode": "fixed"
                }
              }
            ]
          },
          {
            "matcher": {
              "id": "byName",
              "options": "prgBattery.lrPowerBattery"
            },
            "properties": [
              {
                "id": "color",
                "value": {
                  "fixedColor": "yellow",
                  "mode": "fixed"
                }
              }
            ]
          }
        ]
      },
      "gridPos": {
        "h": 14,
        "w": 24,
        "x": 0,
        "y": 0
      },
      "id": 2,
      "options": {
        "legend": {
          "calcs": [],
          "displayMode": "list",
          "placement": "bottom",
          "showLegend": true
        },
        "tooltip": {
          "mode": "multi",
          "sort": "none"
        }
      },
      "targets": [
        {
          "datasource": {
            "type": "postgres",
            "uid": "postgres_lynus"
          },
          "format": "table",
          "group": [
            {
              "params": [
                "1s",
                "previous"
              ],
              "type": "time"
            }
          ],
          "hide": false,
          "metricColumn": "unit",
          "rawQuery": true,
          "rawSql": "SELECT\r\n  $__timeGroupAlias(\"time\",1s,previous),\r\n  unit AS metric,\r\n  avg(value) AS \"prgGrid.lrPowerGrid\"\r\nFROM public.measurements\r\nWHERE\r\n  $__timeFilter(\"time\") AND\r\n  variable = (select id from public.measurements_meta where project ='189e4327-6e6d-4ffb-9c03-09f2cb3fc9e8' and variable = 'prgGrid.lrPowerGrid')\r\nGROUP BY 1,2\r\nORDER BY 1,2",
          "refId": "A",
          "select": [
            [
              {
                "params": [
                  "value"
                ],
                "type": "column"
              },
              {
                "params": [
                  "avg"
                ],
                "type": "aggregate"
              },
              {
                "params": [
                  "value"
                ],
                "type": "alias"
              }
            ]
          ],
          "table": "public.measurements",
          "timeColumn": "\"time\"",
          "timeColumnType": "timestamptz",
          "where": [
            {
              "name": "$__timeFilter",
              "params": [],
              "type": "macro"
            },
            {
              "datatype": "int8",
              "name": "",
              "params": [
                "variable",
                "=",
                "3984"
              ],
              "type": "expression"
            }
          ]
        },
        {
          "datasource": {
            "type": "postgres",
            "uid": "postgres_lynus"
          },
          "format": "table",
          "group": [
            {
              "params": [
                "1s",
                "previous"
              ],
              "type": "time"
            }
          ],
          "hide": false,
          "metricColumn": "unit",
          "rawQuery": true,
          "rawSql": "SELECT\r\n  $__timeGroupAlias(\"time\",1s,previous),\r\n  unit AS metric,\r\n  avg(value) AS \"prgPV.lrPowerPV\"\r\nFROM public.measurements\r\nWHERE\r\n  $__timeFilter(\"time\") AND\r\n  variable = (select id from public.measurements_meta where project ='189e4327-6e6d-4ffb-9c03-09f2cb3fc9e8' and variable = 'prgPV.lrPowerPV')\r\nGROUP BY 1,2\r\nORDER BY 1,2",
          "refId": "B",
          "select": [
            [
              {
                "params": [
                  "value"
                ],
                "type": "column"
              },
              {
                "params": [
                  "avg"
                ],
                "type": "aggregate"
              },
              {
                "params": [
                  "value"
                ],
                "type": "alias"
              }
            ]
          ],
          "table": "public.measurements",
          "timeColumn": "\"time\"",
          "timeColumnType": "timestamptz",
          "where": [
            {
              "name": "$__timeFilter",
              "params": [],
              "type": "macro"
            },
            {
              "datatype": "int8",
              "name": "",
              "params": [
                "variable",
                "=",
                "3984"
              ],
              "type": "expression"
            }
          ]
        },
        {
          "datasource": {
            "type": "postgres",
            "uid": "postgres_lynus"
          },
          "format": "table",
          "group": [
            {
              "params": [
                "1s",
                "previous"
              ],
              "type": "time"
            }
          ],
          "hide": false,
          "metricColumn": "unit",
          "rawQuery": true,
          "rawSql": "SELECT\r\n  $__timeGroupAlias(\"time\",1s,previous),\r\n  unit AS metric,\r\n  avg(value) AS \"prgBattery.lrPowerBattery\"\r\nFROM public.measurements\r\nWHERE\r\n  $__timeFilter(\"time\") AND\r\n  variable = (select id from public.measurements_meta where project ='189e4327-6e6d-4ffb-9c03-09f2cb3fc9e8' and variable = 'prgBattery.lrPowerBattery')\r\nGROUP BY 1,2\r\nORDER BY 1,2",
          "refId": "C",
          "select": [
            [
              {
                "params": [
                  "value"
                ],
                "type": "column"
              },
              {
                "params": [
                  "avg"
                ],
                "type": "aggregate"
              },
              {
                "params": [
                  "value"
                ],
                "type": "alias"
              }
            ]
          ],
          "table": "public.measurements",
          "timeColumn": "\"time\"",
          "timeColumnType": "timestamptz",
          "where": [
            {
              "name": "$__timeFilter",
              "params": [],
              "type": "macro"
            },
            {
              "datatype": "int8",
              "name": "",
              "params": [
                "variable",
                "=",
                "3984"
              ],
              "type": "expression"
            }
          ]
        },
        {
          "datasource": {
            "type": "postgres",
            "uid": "postgres_lynus"
          },
          "format": "table",
          "group": [
            {
              "params": [
                "1s",
                "previous"
              ],
              "type": "time"
            }
          ],
          "hide": false,
          "metricColumn": "unit",
          "rawQuery": true,
          "rawSql": "SELECT\r\n  $__timeGroupAlias(\"time\",1s,previous),\r\n  unit AS metric,\r\n  avg(value) AS \"prgHouse.lrPowerHouse\"\r\nFROM public.measurements\r\nWHERE\r\n  $__timeFilter(\"time\") AND\r\n  variable = (select id from public.measurements_meta where project ='189e4327-6e6d-4ffb-9c03-09f2cb3fc9e8' and variable = 'prgHouse.lrPowerHouse')\r\nGROUP BY 1,2\r\nORDER BY 1,2",
          "refId": "D",
          "select": [
            [
              {
                "params": [
                  "value"
                ],
                "type": "column"
              },
              {
                "params": [
                  "avg"
                ],
                "type": "aggregate"
              },
              {
                "params": [
                  "value"
                ],
                "type": "alias"
              }
            ]
          ],
          "table": "public.measurements",
          "timeColumn": "\"time\"",
          "timeColumnType": "timestamptz",
          "where": [
            {
              "name": "$__timeFilter",
              "params": [],
              "type": "macro"
            },
            {
              "datatype": "int8",
              "name": "",
              "params": [
                "variable",
                "=",
                "3984"
              ],
              "type": "expression"
            }
          ]
        }
      ],
      "title": "Jodlbauer Wirkleistung",
      "type": "timeseries"
    },
    {
      "datasource": {
        "type": "postgres",
        "uid": "postgres_lynus"
      },
      "description": "",
      "fieldConfig": {
        "defaults": {
          "color": {
            "mode": "palette-classic"
          },
          "custom": {
            "axisCenteredZero": false,
            "axisColorMode": "text",
            "axisLabel": "",
            "axisPlacement": "auto",
            "barAlignment": 0,
            "drawStyle": "line",
            "fillOpacity": 0,
            "gradientMode": "none",
            "hideFrom": {
              "legend": false,
              "tooltip": false,
              "viz": false
            },
            "lineInterpolation": "linear",
            "lineWidth": 1,
            "pointSize": 5,
            "scaleDistribution": {
              "type": "linear"
            },
            "showPoints": "auto",
            "spanNulls": false,
            "stacking": {
              "group": "A",
              "mode": "none"
            },
            "thresholdsStyle": {
              "mode": "off"
            }
          },
          "mappings": [],
          "thresholds": {
            "mode": "absolute",
            "steps": [
              {
                "color": "green",
                "value": null
              }
            ]
          }
        },
        "overrides": []
      },
      "gridPos": {
        "h": 7,
        "w": 24,
        "x": 0,
        "y": 14
      },
      "id": 3,
      "options": {
        "legend": {
          "calcs": [],
          "displayMode": "list",
          "placement": "bottom",
          "showLegend": true
        },
        "tooltip": {
          "mode": "multi",
          "sort": "none"
        }
      },
      "targets": [
        {
          "datasource": {
            "type": "postgres",
            "uid": "postgres_lynus"
          },
          "format": "table",
          "group": [
            {
              "params": [
                "1s",
                "previous"
              ],
              "type": "time"
            }
          ],
          "hide": false,
          "metricColumn": "unit",
          "rawQuery": true,
          "rawSql": "SELECT\r\n  $__timeGroupAlias(\"time\",1s,previous),\r\n  unit AS metric,\r\n  avg(value/100) AS \"prgPV.int_SetPointInverter\"\r\nFROM public.measurements\r\nWHERE\r\n  $__timeFilter(\"time\") AND\r\n  variable = (select id from public.measurements_meta where project ='189e4327-6e6d-4ffb-9c03-09f2cb3fc9e8' and variable = 'prgPV.int_SetPointInverter')\r\nGROUP BY 1,2\r\nORDER BY 1,2",
          "refId": "A",
          "select": [
            [
              {
                "params": [
                  "value"
                ],
                "type": "column"
              },
              {
                "params": [
                  "avg"
                ],
                "type": "aggregate"
              },
              {
                "params": [
                  "value"
                ],
                "type": "alias"
              }
            ]
          ],
          "table": "public.measurements",
          "timeColumn": "\"time\"",
          "timeColumnType": "timestamptz",
          "where": [
            {
              "name": "$__timeFilter",
              "params": [],
              "type": "macro"
            },
            {
              "datatype": "int8",
              "name": "",
              "params": [
                "variable",
                "=",
                "3984"
              ],
              "type": "expression"
            }
          ]
        }
      ],
      "title": "Jodlbauer PV Setpoint",
      "type": "timeseries"
    },
    {
      "datasource": {
        "type": "postgres",
        "uid": "postgres_lynus"
      },
      "description": "",
      "fieldConfig": {
        "defaults": {
          "color": {
            "mode": "palette-classic"
          },
          "custom": {
            "axisCenteredZero": false,
            "axisColorMode": "text",
            "axisLabel": "",
            "axisPlacement": "auto",
            "barAlignment": 0,
            "drawStyle": "line",
            "fillOpacity": 0,
            "gradientMode": "none",
            "hideFrom": {
              "legend": false,
              "tooltip": false,
              "viz": false
            },
            "lineInterpolation": "linear",
            "lineWidth": 1,
            "pointSize": 5,
            "scaleDistribution": {
              "type": "linear"
            },
            "showPoints": "auto",
            "spanNulls": false,
            "stacking": {
              "group": "A",
              "mode": "none"
            },
            "thresholdsStyle": {
              "mode": "off"
            }
          },
          "mappings": [],
          "thresholds": {
            "mode": "absolute",
            "steps": [
              {
                "color": "green",
                "value": null
              }
            ]
          }
        },
        "overrides": []
      },
      "gridPos": {
        "h": 14,
        "w": 24,
        "x": 0,
        "y": 21
      },
      "id": 6,
      "options": {
        "legend": {
          "calcs": [],
          "displayMode": "list",
          "placement": "bottom",
          "showLegend": true
        },
        "tooltip": {
          "mode": "multi",
          "sort": "none"
        }
      },
      "targets": [
        {
          "datasource": {
            "type": "postgres",
            "uid": "postgres_lynus"
          },
          "format": "table",
          "group": [
            {
              "params": [
                "1s",
                "previous"
              ],
              "type": "time"
            }
          ],
          "hide": false,
          "metricColumn": "unit",
          "rawQuery": true,
          "rawSql": "SELECT\r\n  $__timeGroupAlias(\"time\",1s,previous),\r\n  unit AS metric,\r\n  avg(value) AS \"prgPV.lrPowerPV_1\"\r\nFROM public.measurements\r\nWHERE\r\n  $__timeFilter(\"time\") AND\r\n  variable = (select id from public.measurements_meta where project ='189e4327-6e6d-4ffb-9c03-09f2cb3fc9e8' and variable = 'prgPV.lrPowerPV_1')\r\nGROUP BY 1,2\r\nORDER BY 1,2",
          "refId": "A",
          "select": [
            [
              {
                "params": [
                  "value"
                ],
                "type": "column"
              },
              {
                "params": [
                  "avg"
                ],
                "type": "aggregate"
              },
              {
                "params": [
                  "value"
                ],
                "type": "alias"
              }
            ]
          ],
          "table": "public.measurements",
          "timeColumn": "\"time\"",
          "timeColumnType": "timestamptz",
          "where": [
            {
              "name": "$__timeFilter",
              "params": [],
              "type": "macro"
            },
            {
              "datatype": "int8",
              "name": "",
              "params": [
                "variable",
                "=",
                "3984"
              ],
              "type": "expression"
            }
          ]
        },
        {
          "datasource": {
            "type": "postgres",
            "uid": "postgres_lynus"
          },
          "format": "table",
          "group": [
            {
              "params": [
                "1s",
                "previous"
              ],
              "type": "time"
            }
          ],
          "hide": false,
          "metricColumn": "unit",
          "rawQuery": true,
          "rawSql": "SELECT\r\n  $__timeGroupAlias(\"time\",1s,previous),\r\n  unit AS metric,\r\n  avg(value) AS \"prgPV.lrPowerPV_2\"\r\nFROM public.measurements\r\nWHERE\r\n  $__timeFilter(\"time\") AND\r\n  variable = (select id from public.measurements_meta where project ='189e4327-6e6d-4ffb-9c03-09f2cb3fc9e8' and variable = 'prgPV.lrPowerPV_2')\r\nGROUP BY 1,2\r\nORDER BY 1,2",
          "refId": "B",
          "select": [
            [
              {
                "params": [
                  "value"
                ],
                "type": "column"
              },
              {
                "params": [
                  "avg"
                ],
                "type": "aggregate"
              },
              {
                "params": [
                  "value"
                ],
                "type": "alias"
              }
            ]
          ],
          "table": "public.measurements",
          "timeColumn": "\"time\"",
          "timeColumnType": "timestamptz",
          "where": [
            {
              "name": "$__timeFilter",
              "params": [],
              "type": "macro"
            },
            {
              "datatype": "int8",
              "name": "",
              "params": [
                "variable",
                "=",
                "3984"
              ],
              "type": "expression"
            }
          ]
        },
        {
          "datasource": {
            "type": "postgres",
            "uid": "postgres_lynus"
          },
          "format": "table",
          "group": [
            {
              "params": [
                "1s",
                "previous"
              ],
              "type": "time"
            }
          ],
          "hide": false,
          "metricColumn": "unit",
          "rawQuery": true,
          "rawSql": "SELECT\r\n  $__timeGroupAlias(\"time\",1s,previous),\r\n  unit AS metric,\r\n  avg(value) AS \"prgPV.lrPowerPV_3\"\r\nFROM public.measurements\r\nWHERE\r\n  $__timeFilter(\"time\") AND\r\n  variable = (select id from public.measurements_meta where project ='189e4327-6e6d-4ffb-9c03-09f2cb3fc9e8' and variable = 'prgPV.lrPowerPV_3')\r\nGROUP BY 1,2\r\nORDER BY 1,2",
          "refId": "C",
          "select": [
            [
              {
                "params": [
                  "value"
                ],
                "type": "column"
              },
              {
                "params": [
                  "avg"
                ],
                "type": "aggregate"
              },
              {
                "params": [
                  "value"
                ],
                "type": "alias"
              }
            ]
          ],
          "table": "public.measurements",
          "timeColumn": "\"time\"",
          "timeColumnType": "timestamptz",
          "where": [
            {
              "name": "$__timeFilter",
              "params": [],
              "type": "macro"
            },
            {
              "datatype": "int8",
              "name": "",
              "params": [
                "variable",
                "=",
                "3984"
              ],
              "type": "expression"
            }
          ]
        },
        {
          "datasource": {
            "type": "postgres",
            "uid": "postgres_lynus"
          },
          "format": "table",
          "group": [
            {
              "params": [
                "1s",
                "previous"
              ],
              "type": "time"
            }
          ],
          "hide": false,
          "metricColumn": "unit",
          "rawQuery": true,
          "rawSql": "SELECT\r\n  $__timeGroupAlias(\"time\",1s,previous),\r\n  unit AS metric,\r\n  avg(value) AS \"prgPV.lrPowerPV_4\"\r\nFROM public.measurements\r\nWHERE\r\n  $__timeFilter(\"time\") AND\r\n  variable = (select id from public.measurements_meta where project ='189e4327-6e6d-4ffb-9c03-09f2cb3fc9e8' and variable = 'prgPV.lrPowerPV_4')\r\nGROUP BY 1,2\r\nORDER BY 1,2",
          "refId": "D",
          "select": [
            [
              {
                "params": [
                  "value"
                ],
                "type": "column"
              },
              {
                "params": [
                  "avg"
                ],
                "type": "aggregate"
              },
              {
                "params": [
                  "value"
                ],
                "type": "alias"
              }
            ]
          ],
          "table": "public.measurements",
          "timeColumn": "\"time\"",
          "timeColumnType": "timestamptz",
          "where": [
            {
              "name": "$__timeFilter",
              "params": [],
              "type": "macro"
            },
            {
              "datatype": "int8",
              "name": "",
              "params": [
                "variable",
                "=",
                "3984"
              ],
              "type": "expression"
            }
          ]
        },
        {
          "datasource": {
            "type": "postgres",
            "uid": "postgres_lynus"
          },
          "format": "table",
          "group": [
            {
              "params": [
                "1s",
                "previous"
              ],
              "type": "time"
            }
          ],
          "hide": false,
          "metricColumn": "unit",
          "rawQuery": true,
          "rawSql": "SELECT\r\n  $__timeGroupAlias(\"time\",1s,previous),\r\n  unit AS metric,\r\n  avg(value) AS \"prgPV.lrPowerPV_5\"\r\nFROM public.measurements\r\nWHERE\r\n  $__timeFilter(\"time\") AND\r\n  variable = (select id from public.measurements_meta where project ='189e4327-6e6d-4ffb-9c03-09f2cb3fc9e8' and variable = 'prgPV.lrPowerPV_5')\r\nGROUP BY 1,2\r\nORDER BY 1,2",
          "refId": "E",
          "select": [
            [
              {
                "params": [
                  "value"
                ],
                "type": "column"
              },
              {
                "params": [
                  "avg"
                ],
                "type": "aggregate"
              },
              {
                "params": [
                  "value"
                ],
                "type": "alias"
              }
            ]
          ],
          "table": "public.measurements",
          "timeColumn": "\"time\"",
          "timeColumnType": "timestamptz",
          "where": [
            {
              "name": "$__timeFilter",
              "params": [],
              "type": "macro"
            },
            {
              "datatype": "int8",
              "name": "",
              "params": [
                "variable",
                "=",
                "3984"
              ],
              "type": "expression"
            }
          ]
        },
        {
          "datasource": {
            "type": "postgres",
            "uid": "postgres_lynus"
          },
          "format": "table",
          "group": [
            {
              "params": [
                "1s",
                "previous"
              ],
              "type": "time"
            }
          ],
          "hide": false,
          "metricColumn": "unit",
          "rawQuery": true,
          "rawSql": "SELECT\r\n  $__timeGroupAlias(\"time\",1s,previous),\r\n  unit AS metric,\r\n  avg(value) AS \"prgPV.lrPowerPV_6\"\r\nFROM public.measurements\r\nWHERE\r\n  $__timeFilter(\"time\") AND\r\n  variable = (select id from public.measurements_meta where project ='189e4327-6e6d-4ffb-9c03-09f2cb3fc9e8' and variable = 'prgPV.lrPowerPV_6')\r\nGROUP BY 1,2\r\nORDER BY 1,2",
          "refId": "F",
          "select": [
            [
              {
                "params": [
                  "value"
                ],
                "type": "column"
              },
              {
                "params": [
                  "avg"
                ],
                "type": "aggregate"
              },
              {
                "params": [
                  "value"
                ],
                "type": "alias"
              }
            ]
          ],
          "table": "public.measurements",
          "timeColumn": "\"time\"",
          "timeColumnType": "timestamptz",
          "where": [
            {
              "name": "$__timeFilter",
              "params": [],
              "type": "macro"
            },
            {
              "datatype": "int8",
              "name": "",
              "params": [
                "variable",
                "=",
                "3984"
              ],
              "type": "expression"
            }
          ]
        },
        {
          "datasource": {
            "type": "postgres",
            "uid": "postgres_lynus"
          },
          "format": "table",
          "group": [
            {
              "params": [
                "1s",
                "previous"
              ],
              "type": "time"
            }
          ],
          "hide": false,
          "metricColumn": "unit",
          "rawQuery": true,
          "rawSql": "SELECT\r\n  $__timeGroupAlias(\"time\",1s,previous),\r\n  unit AS metric,\r\n  avg(value) AS \"prgPV.lrPowerPV_7\"\r\nFROM public.measurements\r\nWHERE\r\n  $__timeFilter(\"time\") AND\r\n  variable = (select id from public.measurements_meta where project ='189e4327-6e6d-4ffb-9c03-09f2cb3fc9e8' and variable = 'prgPV.lrPowerPV_7')\r\nGROUP BY 1,2\r\nORDER BY 1,2",
          "refId": "G",
          "select": [
            [
              {
                "params": [
                  "value"
                ],
                "type": "column"
              },
              {
                "params": [
                  "avg"
                ],
                "type": "aggregate"
              },
              {
                "params": [
                  "value"
                ],
                "type": "alias"
              }
            ]
          ],
          "table": "public.measurements",
          "timeColumn": "\"time\"",
          "timeColumnType": "timestamptz",
          "where": [
            {
              "name": "$__timeFilter",
              "params": [],
              "type": "macro"
            },
            {
              "datatype": "int8",
              "name": "",
              "params": [
                "variable",
                "=",
                "3984"
              ],
              "type": "expression"
            }
          ]
        }
      ],
      "title": "Jodlbauer PV",
      "type": "timeseries"
    },
    {
      "datasource": {
        "type": "postgres",
        "uid": "postgres_lynus"
      },
      "description": "",
      "fieldConfig": {
        "defaults": {
          "color": {
            "mode": "palette-classic"
          },
          "custom": {
            "axisCenteredZero": false,
            "axisColorMode": "text",
            "axisLabel": "",
            "axisPlacement": "auto",
            "barAlignment": 0,
            "drawStyle": "line",
            "fillOpacity": 0,
            "gradientMode": "none",
            "hideFrom": {
              "legend": false,
              "tooltip": false,
              "viz": false
            },
            "lineInterpolation": "linear",
            "lineWidth": 1,
            "pointSize": 5,
            "scaleDistribution": {
              "type": "linear"
            },
            "showPoints": "auto",
            "spanNulls": false,
            "stacking": {
              "group": "A",
              "mode": "none"
            },
            "thresholdsStyle": {
              "mode": "off"
            }
          },
          "mappings": [],
          "thresholds": {
            "mode": "absolute",
            "steps": [
              {
                "color": "green",
                "value": null
              }
            ]
          }
        },
        "overrides": [
          {
            "matcher": {
              "id": "byName",
              "options": "prgPV.lrPowerPV"
            },
            "properties": [
              {
                "id": "color",
                "value": {
                  "fixedColor": "blue",
                  "mode": "fixed"
                }
              }
            ]
          },
          {
            "matcher": {
              "id": "byName",
              "options": "prgBattery.lrPowerBattery"
            },
            "properties": [
              {
                "id": "color",
                "value": {
                  "fixedColor": "blue",
                  "mode": "fixed"
                }
              }
            ]
          },
          {
            "__systemRef": "hideSeriesFrom",
            "matcher": {
              "id": "byNames",
              "options": {
                "mode": "exclude",
                "names": [
                  "prgBattery.dwSOCBattery"
                ],
                "prefix": "All except:",
                "readOnly": true
              }
            },
            "properties": [
              {
                "id": "custom.hideFrom",
                "value": {
                  "legend": false,
                  "tooltip": false,
                  "viz": true
                }
              }
            ]
          }
        ]
      },
      "gridPos": {
        "h": 14,
        "w": 24,
        "x": 0,
        "y": 35
      },
      "id": 5,
      "options": {
        "legend": {
          "calcs": [],
          "displayMode": "list",
          "placement": "bottom",
          "showLegend": true
        },
        "tooltip": {
          "mode": "multi",
          "sort": "none"
        }
      },
      "targets": [
        {
          "datasource": {
            "type": "postgres",
            "uid": "postgres_lynus"
          },
          "format": "table",
          "group": [
            {
              "params": [
                "1s",
                "previous"
              ],
              "type": "time"
            }
          ],
          "hide": false,
          "metricColumn": "unit",
          "rawQuery": true,
          "rawSql": "SELECT\r\n  $__timeGroupAlias(\"time\",1s,previous),\r\n  unit AS metric,\r\n  avg(value) AS \"prgBattery.dwSOCBattery\"\r\nFROM public.measurements\r\nWHERE\r\n  $__timeFilter(\"time\") AND\r\n  variable = (select id from public.measurements_meta where project ='189e4327-6e6d-4ffb-9c03-09f2cb3fc9e8' and variable = 'prgBattery.dwSOCBattery')\r\nGROUP BY 1,2\r\nORDER BY 1,2",
          "refId": "A",
          "select": [
            [
              {
                "params": [
                  "value"
                ],
                "type": "column"
              },
              {
                "params": [
                  "avg"
                ],
                "type": "aggregate"
              },
              {
                "params": [
                  "value"
                ],
                "type": "alias"
              }
            ]
          ],
          "table": "public.measurements",
          "timeColumn": "\"time\"",
          "timeColumnType": "timestamptz",
          "where": [
            {
              "name": "$__timeFilter",
              "params": [],
              "type": "macro"
            },
            {
              "datatype": "int8",
              "name": "",
              "params": [
                "variable",
                "=",
                "3984"
              ],
              "type": "expression"
            }
          ]
        },
        {
          "datasource": {
            "type": "postgres",
            "uid": "postgres_lynus"
          },
          "format": "table",
          "group": [
            {
              "params": [
                "1s",
                "previous"
              ],
              "type": "time"
            }
          ],
          "hide": false,
          "metricColumn": "unit",
          "rawQuery": true,
          "rawSql": "SELECT\r\n  $__timeGroupAlias(\"time\",1s,previous),\r\n  unit AS metric,\r\n  avg(value) AS \"prgBattery.rTargetPowerBattery\"\r\nFROM public.measurements\r\nWHERE\r\n  $__timeFilter(\"time\") AND\r\n  variable = (select id from public.measurements_meta where project ='189e4327-6e6d-4ffb-9c03-09f2cb3fc9e8' and variable = 'prgBattery.rTargetPowerBattery')\r\nGROUP BY 1,2\r\nORDER BY 1,2",
          "refId": "B",
          "select": [
            [
              {
                "params": [
                  "value"
                ],
                "type": "column"
              },
              {
                "params": [
                  "avg"
                ],
                "type": "aggregate"
              },
              {
                "params": [
                  "value"
                ],
                "type": "alias"
              }
            ]
          ],
          "table": "public.measurements",
          "timeColumn": "\"time\"",
          "timeColumnType": "timestamptz",
          "where": [
            {
              "name": "$__timeFilter",
              "params": [],
              "type": "macro"
            },
            {
              "datatype": "int8",
              "name": "",
              "params": [
                "variable",
                "=",
                "3984"
              ],
              "type": "expression"
            }
          ]
        },
        {
          "datasource": {
            "type": "postgres",
            "uid": "postgres_lynus"
          },
          "format": "table",
          "group": [
            {
              "params": [
                "1s",
                "previous"
              ],
              "type": "time"
            }
          ],
          "hide": false,
          "metricColumn": "unit",
          "rawQuery": true,
          "rawSql": "SELECT\r\n  $__timeGroupAlias(\"time\",1s,previous),\r\n  unit AS metric,\r\n  avg(value) AS \"prgBattery.lrPowerBattery\"\r\nFROM public.measurements\r\nWHERE\r\n  $__timeFilter(\"time\") AND\r\n  variable = (select id from public.measurements_meta where project ='189e4327-6e6d-4ffb-9c03-09f2cb3fc9e8' and variable = 'prgBattery.lrPowerBattery')\r\nGROUP BY 1,2\r\nORDER BY 1,2",
          "refId": "C",
          "select": [
            [
              {
                "params": [
                  "value"
                ],
                "type": "column"
              },
              {
                "params": [
                  "avg"
                ],
                "type": "aggregate"
              },
              {
                "params": [
                  "value"
                ],
                "type": "alias"
              }
            ]
          ],
          "table": "public.measurements",
          "timeColumn": "\"time\"",
          "timeColumnType": "timestamptz",
          "where": [
            {
              "name": "$__timeFilter",
              "params": [],
              "type": "macro"
            },
            {
              "datatype": "int8",
              "name": "",
              "params": [
                "variable",
                "=",
                "3984"
              ],
              "type": "expression"
            }
          ]
        }
      ],
      "title": "Jodlbauer Batterie",
      "type": "timeseries"
    },
    {
      "datasource": {
        "type": "postgres",
        "uid": "postgres_lynus"
      },
      "description": "",
      "fieldConfig": {
        "defaults": {
          "color": {
            "mode": "palette-classic"
          },
          "custom": {
            "axisCenteredZero": false,
            "axisColorMode": "text",
            "axisLabel": "",
            "axisPlacement": "auto",
            "barAlignment": 0,
            "drawStyle": "line",
            "fillOpacity": 0,
            "gradientMode": "none",
            "hideFrom": {
              "legend": false,
              "tooltip": false,
              "viz": false
            },
            "lineInterpolation": "linear",
            "lineWidth": 1,
            "pointSize": 5,
            "scaleDistribution": {
              "type": "linear"
            },
            "showPoints": "auto",
            "spanNulls": false,
            "stacking": {
              "group": "A",
              "mode": "none"
            },
            "thresholdsStyle": {
              "mode": "off"
            }
          },
          "mappings": [],
          "max": 250,
          "min": 150,
          "thresholds": {
            "mode": "absolute",
            "steps": [
              {
                "color": "green",
                "value": null
              }
            ]
          }
        },
        "overrides": [
          {
            "matcher": {
              "id": "byName",
              "options": "prgPV.lrPowerPV"
            },
            "properties": [
              {
                "id": "color",
                "value": {
                  "fixedColor": "blue",
                  "mode": "fixed"
                }
              }
            ]
          },
          {
            "matcher": {
              "id": "byName",
              "options": "prgBattery.lrPowerBattery"
            },
            "properties": [
              {
                "id": "color",
                "value": {
                  "fixedColor": "yellow",
                  "mode": "fixed"
                }
              }
            ]
          }
        ]
      },
      "gridPos": {
        "h": 14,
        "w": 24,
        "x": 0,
        "y": 49
      },
      "id": 7,
      "options": {
        "legend": {
          "calcs": [],
          "displayMode": "list",
          "placement": "bottom",
          "showLegend": true
        },
        "tooltip": {
          "mode": "multi",
          "sort": "none"
        }
      },
      "targets": [
        {
          "datasource": {
            "type": "postgres",
            "uid": "postgres_lynus"
          },
          "format": "table",
          "group": [
            {
              "params": [
                "1s",
                "previous"
              ],
              "type": "time"
            }
          ],
          "hide": false,
          "metricColumn": "unit",
          "rawQuery": true,
          "rawSql": "SELECT\r\n  $__timeGroupAlias(\"time\",1s,previous),\r\n  unit AS metric,\r\n  avg(value) AS \"prgPV.lrPV1_VoltageL1N\"\r\nFROM public.measurements\r\nWHERE\r\n  $__timeFilter(\"time\") AND\r\n  variable = (select id from public.measurements_meta where project ='189e4327-6e6d-4ffb-9c03-09f2cb3fc9e8' and variable = 'prgPV.lrPV1_VoltageL1N')\r\nGROUP BY 1,2\r\nORDER BY 1,2",
          "refId": "A",
          "select": [
            [
              {
                "params": [
                  "value"
                ],
                "type": "column"
              },
              {
                "params": [
                  "avg"
                ],
                "type": "aggregate"
              },
              {
                "params": [
                  "value"
                ],
                "type": "alias"
              }
            ]
          ],
          "table": "public.measurements",
          "timeColumn": "\"time\"",
          "timeColumnType": "timestamptz",
          "where": [
            {
              "name": "$__timeFilter",
              "params": [],
              "type": "macro"
            },
            {
              "datatype": "int8",
              "name": "",
              "params": [
                "variable",
                "=",
                "3984"
              ],
              "type": "expression"
            }
          ]
        },
        {
          "datasource": {
            "type": "postgres",
            "uid": "postgres_lynus"
          },
          "format": "table",
          "group": [
            {
              "params": [
                "1s",
                "previous"
              ],
              "type": "time"
            }
          ],
          "hide": false,
          "metricColumn": "unit",
          "rawQuery": true,
          "rawSql": "SELECT\r\n  $__timeGroupAlias(\"time\",1s,previous),\r\n  unit AS metric,\r\n  avg(value) AS \"prgPV.lrPV1_VoltageL2N\"\r\nFROM public.measurements\r\nWHERE\r\n  $__timeFilter(\"time\") AND\r\n  variable = (select id from public.measurements_meta where project ='189e4327-6e6d-4ffb-9c03-09f2cb3fc9e8' and variable = 'prgPV.lrPV1_VoltageL2N')\r\nGROUP BY 1,2\r\nORDER BY 1,2",
          "refId": "B",
          "select": [
            [
              {
                "params": [
                  "value"
                ],
                "type": "column"
              },
              {
                "params": [
                  "avg"
                ],
                "type": "aggregate"
              },
              {
                "params": [
                  "value"
                ],
                "type": "alias"
              }
            ]
          ],
          "table": "public.measurements",
          "timeColumn": "\"time\"",
          "timeColumnType": "timestamptz",
          "where": [
            {
              "name": "$__timeFilter",
              "params": [],
              "type": "macro"
            },
            {
              "datatype": "int8",
              "name": "",
              "params": [
                "variable",
                "=",
                "3984"
              ],
              "type": "expression"
            }
          ]
        },
        {
          "datasource": {
            "type": "postgres",
            "uid": "postgres_lynus"
          },
          "format": "table",
          "group": [
            {
              "params": [
                "1s",
                "previous"
              ],
              "type": "time"
            }
          ],
          "hide": false,
          "metricColumn": "unit",
          "rawQuery": true,
          "rawSql": "SELECT\r\n  $__timeGroupAlias(\"time\",1s,previous),\r\n  unit AS metric,\r\n  avg(value) AS \"prgPV.lrPV1_VoltageL3N\"\r\nFROM public.measurements\r\nWHERE\r\n  $__timeFilter(\"time\") AND\r\n  variable = (select id from public.measurements_meta where project ='189e4327-6e6d-4ffb-9c03-09f2cb3fc9e8' and variable = 'prgPV.lrPV1_VoltageL3N')\r\nGROUP BY 1,2\r\nORDER BY 1,2",
          "refId": "C",
          "select": [
            [
              {
                "params": [
                  "value"
                ],
                "type": "column"
              },
              {
                "params": [
                  "avg"
                ],
                "type": "aggregate"
              },
              {
                "params": [
                  "value"
                ],
                "type": "alias"
              }
            ]
          ],
          "table": "public.measurements",
          "timeColumn": "\"time\"",
          "timeColumnType": "timestamptz",
          "where": [
            {
              "name": "$__timeFilter",
              "params": [],
              "type": "macro"
            },
            {
              "datatype": "int8",
              "name": "",
              "params": [
                "variable",
                "=",
                "3984"
              ],
              "type": "expression"
            }
          ]
        }
      ],
      "title": "Jodlbauer Voltage PV1",
      "type": "timeseries"
    },
    {
      "datasource": {
        "type": "postgres",
        "uid": "postgres_lynus"
      },
      "description": "",
      "fieldConfig": {
        "defaults": {
          "color": {
            "mode": "palette-classic"
          },
          "custom": {
            "axisCenteredZero": false,
            "axisColorMode": "text",
            "axisLabel": "",
            "axisPlacement": "auto",
            "barAlignment": 0,
            "drawStyle": "line",
            "fillOpacity": 0,
            "gradientMode": "none",
            "hideFrom": {
              "legend": false,
              "tooltip": false,
              "viz": false
            },
            "lineInterpolation": "linear",
            "lineWidth": 1,
            "pointSize": 5,
            "scaleDistribution": {
              "type": "linear"
            },
            "showPoints": "auto",
            "spanNulls": false,
            "stacking": {
              "group": "A",
              "mode": "none"
            },
            "thresholdsStyle": {
              "mode": "off"
            }
          },
          "mappings": [],
          "max": 55,
          "min": 45,
          "thresholds": {
            "mode": "absolute",
            "steps": [
              {
                "color": "green"
              }
            ]
          }
        },
        "overrides": [
          {
            "matcher": {
              "id": "byName",
              "options": "prgPV.lrPowerPV"
            },
            "properties": [
              {
                "id": "color",
                "value": {
                  "fixedColor": "blue",
                  "mode": "fixed"
                }
              }
            ]
          },
          {
            "matcher": {
              "id": "byName",
              "options": "prgBattery.lrPowerBattery"
            },
            "properties": [
              {
                "id": "color",
                "value": {
                  "fixedColor": "yellow",
                  "mode": "fixed"
                }
              }
            ]
          }
        ]
      },
      "gridPos": {
        "h": 8,
        "w": 24,
        "x": 0,
        "y": 63
      },
      "id": 9,
      "options": {
        "legend": {
          "calcs": [],
          "displayMode": "list",
          "placement": "bottom",
          "showLegend": true
        },
        "tooltip": {
          "mode": "multi",
          "sort": "none"
        }
      },
      "targets": [
        {
          "datasource": {
            "type": "postgres",
            "uid": "postgres_lynus"
          },
          "format": "table",
          "group": [
            {
              "params": [
                "1s",
                "previous"
              ],
              "type": "time"
            }
          ],
          "hide": false,
          "metricColumn": "unit",
          "rawQuery": true,
          "rawSql": "SELECT\r\n  $__timeGroupAlias(\"time\",1s,previous),\r\n  unit AS metric,\r\n  avg(value) AS \"prgPV.lrPV1_Frequency\"\r\nFROM public.measurements\r\nWHERE\r\n  $__timeFilter(\"time\") AND\r\n  variable = (select id from public.measurements_meta where project ='189e4327-6e6d-4ffb-9c03-09f2cb3fc9e8' and variable = 'prgPV.lrPV1_Frequency')\r\nGROUP BY 1,2\r\nORDER BY 1,2",
          "refId": "A",
          "select": [
            [
              {
                "params": [
                  "value"
                ],
                "type": "column"
              },
              {
                "params": [
                  "avg"
                ],
                "type": "aggregate"
              },
              {
                "params": [
                  "value"
                ],
                "type": "alias"
              }
            ]
          ],
          "table": "public.measurements",
          "timeColumn": "\"time\"",
          "timeColumnType": "timestamptz",
          "where": [
            {
              "name": "$__timeFilter",
              "params": [],
              "type": "macro"
            },
            {
              "datatype": "int8",
              "name": "",
              "params": [
                "variable",
                "=",
                "3984"
              ],
              "type": "expression"
            }
          ]
        }
      ],
      "title": "Jodlbauer Frequency PV1",
      "type": "timeseries"
    },
    {
      "datasource": {
        "type": "postgres",
        "uid": "postgres_lynus"
      },
      "description": "",
      "fieldConfig": {
        "defaults": {
          "color": {
            "mode": "palette-classic"
          },
          "custom": {
            "axisCenteredZero": false,
            "axisColorMode": "text",
            "axisLabel": "",
            "axisPlacement": "auto",
            "barAlignment": 0,
            "drawStyle": "line",
            "fillOpacity": 0,
            "gradientMode": "none",
            "hideFrom": {
              "legend": false,
              "tooltip": false,
              "viz": false
            },
            "lineInterpolation": "stepAfter",
            "lineWidth": 1,
            "pointSize": 5,
            "scaleDistribution": {
              "type": "linear"
            },
            "showPoints": "auto",
            "spanNulls": false,
            "stacking": {
              "group": "A",
              "mode": "none"
            },
            "thresholdsStyle": {
              "mode": "off"
            }
          },
          "mappings": [],
          "max": 5,
          "min": 0,
          "thresholds": {
            "mode": "absolute",
            "steps": [
              {
                "color": "green"
              }
            ]
          }
        },
        "overrides": [
          {
            "matcher": {
              "id": "byName",
              "options": "prgPV.lrPowerPV"
            },
            "properties": [
              {
                "id": "color",
                "value": {
                  "fixedColor": "blue",
                  "mode": "fixed"
                }
              }
            ]
          },
          {
            "matcher": {
              "id": "byName",
              "options": "prgBattery.lrPowerBattery"
            },
            "properties": [
              {
                "id": "color",
                "value": {
                  "fixedColor": "yellow",
                  "mode": "fixed"
                }
              }
            ]
          },
          {
            "matcher": {
              "id": "byName",
              "options": "prgBattery.int_OperatingState"
            },
            "properties": [
              {
                "id": "color",
                "value": {
                  "fixedColor": "red",
                  "mode": "fixed"
                }
              }
            ]
          },
          {
            "matcher": {
              "id": "byName",
              "options": "prgBattery.int_GridState"
            },
            "properties": [
              {
                "id": "color",
                "value": {
                  "fixedColor": "yellow",
                  "mode": "fixed"
                }
              }
            ]
          },
          {
            "matcher": {
              "id": "byName",
              "options": "prgBattery.int_BatteryState"
            },
            "properties": [
              {
                "id": "color",
                "value": {
                  "fixedColor": "blue",
                  "mode": "fixed"
                }
              }
            ]
          }
        ]
      },
      "gridPos": {
        "h": 14,
        "w": 24,
        "x": 0,
        "y": 71
      },
      "id": 8,
      "options": {
        "legend": {
          "calcs": [],
          "displayMode": "list",
          "placement": "bottom",
          "showLegend": true
        },
        "tooltip": {
          "mode": "multi",
          "sort": "none"
        }
      },
      "targets": [
        {
          "datasource": {
            "type": "postgres",
            "uid": "postgres_lynus"
          },
          "format": "table",
          "group": [
            {
              "params": [
                "1s",
                "previous"
              ],
              "type": "time"
            }
          ],
          "hide": false,
          "metricColumn": "unit",
          "rawQuery": true,
          "rawSql": "SELECT\r\n  $__timeGroupAlias(\"time\",1s,previous),\r\n  unit AS metric,\r\n  avg(value) AS \"prgBattery.int_OperatingState\"\r\nFROM public.measurements\r\nWHERE\r\n  $__timeFilter(\"time\") AND\r\n  variable = (select id from public.measurements_meta where project ='189e4327-6e6d-4ffb-9c03-09f2cb3fc9e8' and variable = 'prgBattery.int_OperatingState')\r\nGROUP BY 1,2\r\nORDER BY 1,2",
          "refId": "A",
          "select": [
            [
              {
                "params": [
                  "value"
                ],
                "type": "column"
              },
              {
                "params": [
                  "avg"
                ],
                "type": "aggregate"
              },
              {
                "params": [
                  "value"
                ],
                "type": "alias"
              }
            ]
          ],
          "table": "public.measurements",
          "timeColumn": "\"time\"",
          "timeColumnType": "timestamptz",
          "where": [
            {
              "name": "$__timeFilter",
              "params": [],
              "type": "macro"
            },
            {
              "datatype": "int8",
              "name": "",
              "params": [
                "variable",
                "=",
                "3984"
              ],
              "type": "expression"
            }
          ]
        },
        {
          "datasource": {
            "type": "postgres",
            "uid": "postgres_lynus"
          },
          "format": "table",
          "group": [
            {
              "params": [
                "1s",
                "previous"
              ],
              "type": "time"
            }
          ],
          "hide": false,
          "metricColumn": "unit",
          "rawQuery": true,
          "rawSql": "SELECT\r\n  $__timeGroupAlias(\"time\",1s,previous),\r\n  unit AS metric,\r\n  avg(value) AS \"prgBattery.int_GridState\"\r\nFROM public.measurements\r\nWHERE\r\n  $__timeFilter(\"time\") AND\r\n  variable = (select id from public.measurements_meta where project ='189e4327-6e6d-4ffb-9c03-09f2cb3fc9e8' and variable = 'prgBattery.int_GridState')\r\nGROUP BY 1,2\r\nORDER BY 1,2",
          "refId": "B",
          "select": [
            [
              {
                "params": [
                  "value"
                ],
                "type": "column"
              },
              {
                "params": [
                  "avg"
                ],
                "type": "aggregate"
              },
              {
                "params": [
                  "value"
                ],
                "type": "alias"
              }
            ]
          ],
          "table": "public.measurements",
          "timeColumn": "\"time\"",
          "timeColumnType": "timestamptz",
          "where": [
            {
              "name": "$__timeFilter",
              "params": [],
              "type": "macro"
            },
            {
              "datatype": "int8",
              "name": "",
              "params": [
                "variable",
                "=",
                "3984"
              ],
              "type": "expression"
            }
          ]
        },
        {
          "datasource": {
            "type": "postgres",
            "uid": "postgres_lynus"
          },
          "format": "table",
          "group": [
            {
              "params": [
                "1s",
                "previous"
              ],
              "type": "time"
            }
          ],
          "hide": false,
          "metricColumn": "unit",
          "rawQuery": true,
          "rawSql": "SELECT\r\n  $__timeGroupAlias(\"time\",1s,previous),\r\n  unit AS metric,\r\n  avg(value) AS \"prgBattery.int_BatteryState\"\r\nFROM public.measurements\r\nWHERE\r\n  $__timeFilter(\"time\") AND\r\n  variable = (select id from public.measurements_meta where project ='189e4327-6e6d-4ffb-9c03-09f2cb3fc9e8' and variable = 'prgBattery.int_BatteryState')\r\nGROUP BY 1,2\r\nORDER BY 1,2",
          "refId": "C",
          "select": [
            [
              {
                "params": [
                  "value"
                ],
                "type": "column"
              },
              {
                "params": [
                  "avg"
                ],
                "type": "aggregate"
              },
              {
                "params": [
                  "value"
                ],
                "type": "alias"
              }
            ]
          ],
          "table": "public.measurements",
          "timeColumn": "\"time\"",
          "timeColumnType": "timestamptz",
          "where": [
            {
              "name": "$__timeFilter",
              "params": [],
              "type": "macro"
            },
            {
              "datatype": "int8",
              "name": "",
              "params": [
                "variable",
                "=",
                "3984"
              ],
              "type": "expression"
            }
          ]
        }
      ],
      "title": "Jodlbauer State xelectrix",
      "type": "timeseries"
    },
    {
      "datasource": {
        "type": "postgres",
        "uid": "postgres_lynus"
      },
      "description": "",
      "fieldConfig": {
        "defaults": {
          "color": {
            "mode": "palette-classic"
          },
          "custom": {
            "axisCenteredZero": false,
            "axisColorMode": "text",
            "axisLabel": "",
            "axisPlacement": "auto",
            "barAlignment": 0,
            "drawStyle": "line",
            "fillOpacity": 47,
            "gradientMode": "none",
            "hideFrom": {
              "legend": false,
              "tooltip": false,
              "viz": false
            },
            "lineInterpolation": "linear",
            "lineWidth": 1,
            "pointSize": 5,
            "scaleDistribution": {
              "type": "linear"
            },
            "showPoints": "auto",
            "spanNulls": false,
            "stacking": {
              "group": "A",
              "mode": "normal"
            },
            "thresholdsStyle": {
              "mode": "off"
            }
          },
          "mappings": [],
          "thresholds": {
            "mode": "absolute",
            "steps": [
              {
                "color": "green"
              }
            ]
          }
        },
        "overrides": []
      },
      "gridPos": {
        "h": 14,
        "w": 24,
        "x": 0,
        "y": 85
      },
      "id": 4,
      "options": {
        "legend": {
          "calcs": [],
          "displayMode": "list",
          "placement": "bottom",
          "showLegend": true
        },
        "tooltip": {
          "mode": "multi",
          "sort": "none"
        }
      },
      "targets": [
        {
          "datasource": {
            "type": "postgres",
            "uid": "postgres_lynus"
          },
          "format": "table",
          "group": [
            {
              "params": [
                "1s",
                "previous"
              ],
              "type": "time"
            }
          ],
          "hide": false,
          "metricColumn": "unit",
          "rawQuery": true,
          "rawSql": "SELECT\r\n  $__timeGroupAlias(\"time\",1m,previous),\r\n  unit AS metric,\r\n  avg(value) AS \"prgPV.lrPowerPV_1\"\r\nFROM public.measurements\r\nWHERE\r\n  $__timeFilter(\"time\") AND\r\n  variable = (select id from public.measurements_meta where project ='189e4327-6e6d-4ffb-9c03-09f2cb3fc9e8' and variable = 'prgPV.lrPowerPV_1')\r\nGROUP BY 1,2\r\nORDER BY 1,2",
          "refId": "A",
          "select": [
            [
              {
                "params": [
                  "value"
                ],
                "type": "column"
              },
              {
                "params": [
                  "avg"
                ],
                "type": "aggregate"
              },
              {
                "params": [
                  "value"
                ],
                "type": "alias"
              }
            ]
          ],
          "table": "public.measurements",
          "timeColumn": "\"time\"",
          "timeColumnType": "timestamptz",
          "where": [
            {
              "name": "$__timeFilter",
              "params": [],
              "type": "macro"
            },
            {
              "datatype": "int8",
              "name": "",
              "params": [
                "variable",
                "=",
                "3984"
              ],
              "type": "expression"
            }
          ]
        },
        {
          "datasource": {
            "type": "postgres",
            "uid": "postgres_lynus"
          },
          "format": "table",
          "group": [
            {
              "params": [
                "1s",
                "previous"
              ],
              "type": "time"
            }
          ],
          "hide": false,
          "metricColumn": "unit",
          "rawQuery": true,
          "rawSql": "SELECT\r\n  $__timeGroupAlias(\"time\",1m,previous),\r\n  unit AS metric,\r\n  avg(value) AS \"prgPV.lrPowerPV_2\"\r\nFROM public.measurements\r\nWHERE\r\n  $__timeFilter(\"time\") AND\r\n  variable = (select id from public.measurements_meta where project ='189e4327-6e6d-4ffb-9c03-09f2cb3fc9e8' and variable = 'prgPV.lrPowerPV_2')\r\nGROUP BY 1,2\r\nORDER BY 1,2",
          "refId": "B",
          "select": [
            [
              {
                "params": [
                  "value"
                ],
                "type": "column"
              },
              {
                "params": [
                  "avg"
                ],
                "type": "aggregate"
              },
              {
                "params": [
                  "value"
                ],
                "type": "alias"
              }
            ]
          ],
          "table": "public.measurements",
          "timeColumn": "\"time\"",
          "timeColumnType": "timestamptz",
          "where": [
            {
              "name": "$__timeFilter",
              "params": [],
              "type": "macro"
            },
            {
              "datatype": "int8",
              "name": "",
              "params": [
                "variable",
                "=",
                "3984"
              ],
              "type": "expression"
            }
          ]
        },
        {
          "datasource": {
            "type": "postgres",
            "uid": "postgres_lynus"
          },
          "format": "table",
          "group": [
            {
              "params": [
                "1s",
                "previous"
              ],
              "type": "time"
            }
          ],
          "hide": false,
          "metricColumn": "unit",
          "rawQuery": true,
          "rawSql": "SELECT\r\n  $__timeGroupAlias(\"time\",1m,previous),\r\n  unit AS metric,\r\n  avg(value) AS \"prgPV.lrPowerPV_3\"\r\nFROM public.measurements\r\nWHERE\r\n  $__timeFilter(\"time\") AND\r\n  variable = (select id from public.measurements_meta where project ='189e4327-6e6d-4ffb-9c03-09f2cb3fc9e8' and variable = 'prgPV.lrPowerPV_3')\r\nGROUP BY 1,2\r\nORDER BY 1,2",
          "refId": "C",
          "select": [
            [
              {
                "params": [
                  "value"
                ],
                "type": "column"
              },
              {
                "params": [
                  "avg"
                ],
                "type": "aggregate"
              },
              {
                "params": [
                  "value"
                ],
                "type": "alias"
              }
            ]
          ],
          "table": "public.measurements",
          "timeColumn": "\"time\"",
          "timeColumnType": "timestamptz",
          "where": [
            {
              "name": "$__timeFilter",
              "params": [],
              "type": "macro"
            },
            {
              "datatype": "int8",
              "name": "",
              "params": [
                "variable",
                "=",
                "3984"
              ],
              "type": "expression"
            }
          ]
        },
        {
          "datasource": {
            "type": "postgres",
            "uid": "postgres_lynus"
          },
          "format": "table",
          "group": [
            {
              "params": [
                "1s",
                "previous"
              ],
              "type": "time"
            }
          ],
          "hide": false,
          "metricColumn": "unit",
          "rawQuery": true,
          "rawSql": "SELECT\r\n  $__timeGroupAlias(\"time\",1m,previous),\r\n  unit AS metric,\r\n  avg(value) AS \"prgPV.lrPowerPV_4\"\r\nFROM public.measurements\r\nWHERE\r\n  $__timeFilter(\"time\") AND\r\n  variable = (select id from public.measurements_meta where project ='189e4327-6e6d-4ffb-9c03-09f2cb3fc9e8' and variable = 'prgPV.lrPowerPV_4')\r\nGROUP BY 1,2\r\nORDER BY 1,2",
          "refId": "D",
          "select": [
            [
              {
                "params": [
                  "value"
                ],
                "type": "column"
              },
              {
                "params": [
                  "avg"
                ],
                "type": "aggregate"
              },
              {
                "params": [
                  "value"
                ],
                "type": "alias"
              }
            ]
          ],
          "table": "public.measurements",
          "timeColumn": "\"time\"",
          "timeColumnType": "timestamptz",
          "where": [
            {
              "name": "$__timeFilter",
              "params": [],
              "type": "macro"
            },
            {
              "datatype": "int8",
              "name": "",
              "params": [
                "variable",
                "=",
                "3984"
              ],
              "type": "expression"
            }
          ]
        },
        {
          "datasource": {
            "type": "postgres",
            "uid": "postgres_lynus"
          },
          "format": "table",
          "group": [
            {
              "params": [
                "1s",
                "previous"
              ],
              "type": "time"
            }
          ],
          "hide": false,
          "metricColumn": "unit",
          "rawQuery": true,
          "rawSql": "SELECT\r\n  $__timeGroupAlias(\"time\",1m,previous),\r\n  unit AS metric,\r\n  avg(value) AS \"prgPV.lrPowerPV_5\"\r\nFROM public.measurements\r\nWHERE\r\n  $__timeFilter(\"time\") AND\r\n  variable = (select id from public.measurements_meta where project ='189e4327-6e6d-4ffb-9c03-09f2cb3fc9e8' and variable = 'prgPV.lrPowerPV_5')\r\nGROUP BY 1,2\r\nORDER BY 1,2",
          "refId": "E",
          "select": [
            [
              {
                "params": [
                  "value"
                ],
                "type": "column"
              },
              {
                "params": [
                  "avg"
                ],
                "type": "aggregate"
              },
              {
                "params": [
                  "value"
                ],
                "type": "alias"
              }
            ]
          ],
          "table": "public.measurements",
          "timeColumn": "\"time\"",
          "timeColumnType": "timestamptz",
          "where": [
            {
              "name": "$__timeFilter",
              "params": [],
              "type": "macro"
            },
            {
              "datatype": "int8",
              "name": "",
              "params": [
                "variable",
                "=",
                "3984"
              ],
              "type": "expression"
            }
          ]
        },
        {
          "datasource": {
            "type": "postgres",
            "uid": "postgres_lynus"
          },
          "format": "table",
          "group": [
            {
              "params": [
                "1s",
                "previous"
              ],
              "type": "time"
            }
          ],
          "hide": false,
          "metricColumn": "unit",
          "rawQuery": true,
          "rawSql": "SELECT\r\n  $__timeGroupAlias(\"time\",1m,previous),\r\n  unit AS metric,\r\n  avg(value) AS \"prgPV.lrPowerPV_6\"\r\nFROM public.measurements\r\nWHERE\r\n  $__timeFilter(\"time\") AND\r\n  variable = (select id from public.measurements_meta where project ='189e4327-6e6d-4ffb-9c03-09f2cb3fc9e8' and variable = 'prgPV.lrPowerPV_6')\r\nGROUP BY 1,2\r\nORDER BY 1,2",
          "refId": "F",
          "select": [
            [
              {
                "params": [
                  "value"
                ],
                "type": "column"
              },
              {
                "params": [
                  "avg"
                ],
                "type": "aggregate"
              },
              {
                "params": [
                  "value"
                ],
                "type": "alias"
              }
            ]
          ],
          "table": "public.measurements",
          "timeColumn": "\"time\"",
          "timeColumnType": "timestamptz",
          "where": [
            {
              "name": "$__timeFilter",
              "params": [],
              "type": "macro"
            },
            {
              "datatype": "int8",
              "name": "",
              "params": [
                "variable",
                "=",
                "3984"
              ],
              "type": "expression"
            }
          ]
        },
        {
          "datasource": {
            "type": "postgres",
            "uid": "postgres_lynus"
          },
          "format": "table",
          "group": [
            {
              "params": [
                "1s",
                "previous"
              ],
              "type": "time"
            }
          ],
          "hide": false,
          "metricColumn": "unit",
          "rawQuery": true,
          "rawSql": "SELECT\r\n  $__timeGroupAlias(\"time\",1m,previous),\r\n  unit AS metric,\r\n  avg(value) AS \"prgPV.lrPowerPV_7\"\r\nFROM public.measurements\r\nWHERE\r\n  $__timeFilter(\"time\") AND\r\n  variable = (select id from public.measurements_meta where project ='189e4327-6e6d-4ffb-9c03-09f2cb3fc9e8' and variable = 'prgPV.lrPowerPV_7')\r\nGROUP BY 1,2\r\nORDER BY 1,2",
          "refId": "G",
          "select": [
            [
              {
                "params": [
                  "value"
                ],
                "type": "column"
              },
              {
                "params": [
                  "avg"
                ],
                "type": "aggregate"
              },
              {
                "params": [
                  "value"
                ],
                "type": "alias"
              }
            ]
          ],
          "table": "public.measurements",
          "timeColumn": "\"time\"",
          "timeColumnType": "timestamptz",
          "where": [
            {
              "name": "$__timeFilter",
              "params": [],
              "type": "macro"
            },
            {
              "datatype": "int8",
              "name": "",
              "params": [
                "variable",
                "=",
                "3984"
              ],
              "type": "expression"
            }
          ]
        }
      ],
      "title": "Jodlbauer PV stacked",
      "type": "timeseries"
    }
  ],
  "refresh": false,
  "schemaVersion": 37,
  "style": "dark",
  "tags": [],
  "templating": {
    "list": []
  },
  "time": {
    "from": "2023-11-24T23:00:00.000Z",
    "to": "2023-11-25T22:59:59.000Z"
  },
  "timepicker": {},
  "timezone": "",
  "title": "BMS Jodlbauer",
  "uid": "drqcR2LVz",
  "version": 1,
  "weekStart": ""
}