{
  "annotations": {
    "list": [
      {
        "builtIn": 1,
        "datasource": {
          "type": "grafana",
          "uid": "-- Grafana --"
        },
        "enable": true,
        "hide": true,
        "iconColor": "rgba(0, 211, 255, 1)",
        "name": "Annotations & Alerts",
        "target": {
          "limit": 100,
          "matchAny": false,
          "tags": [],
          "type": "dashboard"
        },
        "type": "dashboard"
      }
    ]
  },
  "editable": true,
  "fiscalYearStartMonth": 0,
  "graphTooltip": 2,
  "id": 1,
  "links": [],
  "liveNow": false,
  "panels": [
    {
      "datasource": {
        "type": "postgres",
        "uid": "postgres_lynus"
      },
      "description": "",
      "fieldConfig": {
        "defaults": {
          "color": {
            "mode": "palette-classic"
          },
          "custom": {
            "axisCenteredZero": false,
            "axisColorMode": "text",
            "axisLabel": "",
            "axisPlacement": "auto",
            "barAlignment": 0,
            "drawStyle": "line",
            "fillOpacity": 0,
            "gradientMode": "none",
            "hideFrom": {
              "legend": false,
              "tooltip": false,
              "viz": false
            },
            "lineInterpolation": "linear",
            "lineWidth": 1,
            "pointSize": 5,
            "scaleDistribution": {
              "type": "linear"
            },
            "showPoints": "auto",
            "spanNulls": false,
            "stacking": {
              "group": "A",
              "mode": "none"
            },
            "thresholdsStyle": {
              "mode": "off"
            }
          },
          "mappings": [],
          "thresholds": {
            "mode": "absolute",
            "steps": [
              {
                "color": "green",
                "value": null
              }
            ]
          }
        },
        "overrides": [
          {
            "matcher": {
              "id": "byFrameRefID",
              "options": "A"
            },
            "properties": [
              {
                "id": "displayName",
                "value": "3601 prgGrid.lrPowerGrid"
              }
            ]
          },
          {
            "matcher": {
              "id": "byFrameRefID",
              "options": "C"
            },
            "properties": [
              {
                "id": "displayName",
                "value": "3622 prgGrid.lrReactivePowerGrid"
              }
            ]
          },
          {
            "matcher": {
              "id": "byFrameRefID",
              "options": "B"
            },
            "properties": [
              {
                "id": "displayName",
                "value": "3621 prgGrid.lrApparentPowerGrid"
              }
            ]
          }
        ]
      },
      "gridPos": {
        "h": 14,
        "w": 24,
        "x": 0,
        "y": 0
      },
      "id": 2,
      "options": {
        "legend": {
          "calcs": [],
          "displayMode": "list",
          "placement": "bottom",
          "showLegend": true
        },
        "tooltip": {
          "mode": "multi",
          "sort": "none"
        }
      },
      "targets": [
        {
          "datasource": {
            "type": "postgres",
            "uid": "postgres_lynus"
          },
          "format": "time_series",
          "group": [
            {
              "params": [
                "1s",
                "previous"
              ],
              "type": "time"
            }
          ],
          "hide": false,
          "metricColumn": "unit",
          "rawQuery": false,
          "rawSql": "SELECT\n  $__timeGroupAlias(\"time\",1s,previous),\n  unit AS metric,\n  avg(value) AS \"value\"\nFROM public.measurements\nWHERE\n  $__timeFilter(\"time\") AND\n  variable = 3601\nGROUP BY 1,2\nORDER BY 1,2",
          "refId": "A",
          "select": [
            [
              {
                "params": [
                  "value"
                ],
                "type": "column"
              },
              {
                "params": [
                  "avg"
                ],
                "type": "aggregate"
              },
              {
                "params": [
                  "value"
                ],
                "type": "alias"
              }
            ]
          ],
          "table": "public.measurements",
          "timeColumn": "\"time\"",
          "timeColumnType": "timestamptz",
          "where": [
            {
              "name": "$__timeFilter",
              "params": [],
              "type": "macro"
            },
            {
              "datatype": "int8",
              "name": "",
              "params": [
                "variable",
                "=",
                "3601"
              ],
              "type": "expression"
            }
          ]
        },
        {
          "datasource": {
            "type": "postgres",
            "uid": "postgres_lynus"
          },
          "format": "time_series",
          "group": [
            {
              "params": [
                "1s",
                "previous"
              ],
              "type": "time"
            }
          ],
          "hide": false,
          "metricColumn": "unit",
          "rawQuery": false,
          "rawSql": "SELECT\n  $__timeGroupAlias(\"time\",1s,previous),\n  unit AS metric,\n  avg(value) AS \"value\"\nFROM public.measurements\nWHERE\n  $__timeFilter(\"time\") AND\n  variable = 3621\nGROUP BY 1,2\nORDER BY 1,2",
          "refId": "B",
          "select": [
            [
              {
                "params": [
                  "value"
                ],
                "type": "column"
              },
              {
                "params": [
                  "avg"
                ],
                "type": "aggregate"
              },
              {
                "params": [
                  "value"
                ],
                "type": "alias"
              }
            ]
          ],
          "table": "public.measurements",
          "timeColumn": "\"time\"",
          "timeColumnType": "timestamptz",
          "where": [
            {
              "name": "$__timeFilter",
              "params": [],
              "type": "macro"
            },
            {
              "datatype": "int8",
              "name": "",
              "params": [
                "variable",
                "=",
                "3621"
              ],
              "type": "expression"
            }
          ]
        },
        {
          "datasource": {
            "type": "postgres",
            "uid": "postgres_lynus"
          },
          "format": "time_series",
          "group": [
            {
              "params": [
                "10s",
                "previous"
              ],
              "type": "time"
            }
          ],
          "hide": false,
          "metricColumn": "unit",
          "rawQuery": false,
          "rawSql": "SELECT\n  $__timeGroupAlias(\"time\",10s,previous),\n  unit AS metric,\n  avg(value) AS \"value\"\nFROM public.measurements\nWHERE\n  $__timeFilter(\"time\") AND\n  variable = 3622\nGROUP BY 1,2\nORDER BY 1,2",
          "refId": "C",
          "select": [
            [
              {
                "params": [
                  "value"
                ],
                "type": "column"
              },
              {
                "params": [
                  "avg"
                ],
                "type": "aggregate"
              },
              {
                "params": [
                  "value"
                ],
                "type": "alias"
              }
            ]
          ],
          "table": "public.measurements",
          "timeColumn": "\"time\"",
          "timeColumnType": "timestamptz",
          "where": [
            {
              "name": "$__timeFilter",
              "params": [],
              "type": "macro"
            },
            {
              "datatype": "int8",
              "name": "",
              "params": [
                "variable",
                "=",
                "3622"
              ],
              "type": "expression"
            }
          ]
        }
      ],
      "title": "PTM Wirk/Blind/Scheinleistung",
      "type": "timeseries"
    },
    {
      "datasource": {
        "type": "postgres",
        "uid": "postgres_lynus"
      },
      "description": "",
      "fieldConfig": {
        "defaults": {
          "color": {
            "mode": "palette-classic"
          },
          "custom": {
            "axisCenteredZero": false,
            "axisColorMode": "text",
            "axisLabel": "",
            "axisPlacement": "auto",
            "barAlignment": 0,
            "drawStyle": "line",
            "fillOpacity": 0,
            "gradientMode": "none",
            "hideFrom": {
              "legend": false,
              "tooltip": false,
              "viz": false
            },
            "lineInterpolation": "linear",
            "lineWidth": 1,
            "pointSize": 5,
            "scaleDistribution": {
              "type": "linear"
            },
            "showPoints": "auto",
            "spanNulls": false,
            "stacking": {
              "group": "A",
              "mode": "none"
            },
            "thresholdsStyle": {
              "mode": "off"
            }
          },
          "mappings": [],
          "thresholds": {
            "mode": "absolute",
            "steps": [
              {
                "color": "green",
                "value": null
              }
            ]
          }
        },
        "overrides": [
          {
            "matcher": {
              "id": "byFrameRefID",
              "options": "A"
            },
            "properties": [
              {
                "id": "displayName",
                "value": "3601 prgGrid.lrPowerGrid"
              }
            ]
          },
          {
            "matcher": {
              "id": "byFrameRefID",
              "options": "C"
            },
            "properties": [
              {
                "id": "displayName",
                "value": "3576 prgBattery.lrPowerBattery"
              }
            ]
          }
        ]
      },
      "gridPos": {
        "h": 14,
        "w": 24,
        "x": 0,
        "y": 14
      },
      "id": 8,
      "options": {
        "legend": {
          "calcs": [],
          "displayMode": "list",
          "placement": "bottom",
          "showLegend": true
        },
        "tooltip": {
          "mode": "multi",
          "sort": "none"
        }
      },
      "targets": [
        {
          "datasource": {
            "type": "postgres",
            "uid": "postgres_lynus"
          },
          "format": "time_series",
          "group": [
            {
              "params": [
                "1s",
                "previous"
              ],
              "type": "time"
            }
          ],
          "hide": false,
          "metricColumn": "unit",
          "rawQuery": false,
          "rawSql": "SELECT\n  $__timeGroupAlias(\"time\",1s,previous),\n  unit AS metric,\n  avg(value) AS \"value\"\nFROM public.measurements\nWHERE\n  $__timeFilter(\"time\") AND\n  variable = 3601\nGROUP BY 1,2\nORDER BY 1,2",
          "refId": "A",
          "select": [
            [
              {
                "params": [
                  "value"
                ],
                "type": "column"
              },
              {
                "params": [
                  "avg"
                ],
                "type": "aggregate"
              },
              {
                "params": [
                  "value"
                ],
                "type": "alias"
              }
            ]
          ],
          "table": "public.measurements",
          "timeColumn": "\"time\"",
          "timeColumnType": "timestamptz",
          "where": [
            {
              "name": "$__timeFilter",
              "params": [],
              "type": "macro"
            },
            {
              "datatype": "int8",
              "name": "",
              "params": [
                "variable",
                "=",
                "3601"
              ],
              "type": "expression"
            }
          ]
        },
        {
          "datasource": {
            "type": "postgres",
            "uid": "postgres_lynus"
          },
          "format": "time_series",
          "group": [
            {
              "params": [
                "10s",
                "previous"
              ],
              "type": "time"
            }
          ],
          "hide": false,
          "metricColumn": "unit",
          "rawQuery": false,
          "rawSql": "SELECT\n  $__timeGroupAlias(\"time\",10s,previous),\n  unit AS metric,\n  avg(value) AS \"value\"\nFROM public.measurements\nWHERE\n  $__timeFilter(\"time\") AND\n  variable = 3576\nGROUP BY 1,2\nORDER BY 1,2",
          "refId": "C",
          "select": [
            [
              {
                "params": [
                  "value"
                ],
                "type": "column"
              },
              {
                "params": [
                  "avg"
                ],
                "type": "aggregate"
              },
              {
                "params": [
                  "value"
                ],
                "type": "alias"
              }
            ]
          ],
          "table": "public.measurements",
          "timeColumn": "\"time\"",
          "timeColumnType": "timestamptz",
          "where": [
            {
              "name": "$__timeFilter",
              "params": [],
              "type": "macro"
            },
            {
              "datatype": "int8",
              "name": "",
              "params": [
                "variable",
                "=",
                "3576"
              ],
              "type": "expression"
            }
          ]
        }
      ],
      "title": "PTM Leistung",
      "type": "timeseries"
    },
    {
      "datasource": {
        "type": "postgres",
        "uid": "postgres_lynus"
      },
      "description": "",
      "fieldConfig": {
        "defaults": {
          "color": {
            "mode": "palette-classic"
          },
          "custom": {
            "axisCenteredZero": false,
            "axisColorMode": "text",
            "axisLabel": "",
            "axisPlacement": "auto",
            "barAlignment": 0,
            "drawStyle": "line",
            "fillOpacity": 0,
            "gradientMode": "none",
            "hideFrom": {
              "legend": false,
              "tooltip": false,
              "viz": false
            },
            "lineInterpolation": "linear",
            "lineWidth": 1,
            "pointSize": 5,
            "scaleDistribution": {
              "type": "linear"
            },
            "showPoints": "auto",
            "spanNulls": false,
            "stacking": {
              "group": "A",
              "mode": "none"
            },
            "thresholdsStyle": {
              "mode": "off"
            }
          },
          "mappings": [],
          "thresholds": {
            "mode": "absolute",
            "steps": [
              {
                "color": "green",
                "value": null
              }
            ]
          },
          "unit": "kwatt"
        },
        "overrides": [
          {
            "matcher": {
              "id": "byFrameRefID",
              "options": "A"
            },
            "properties": [
              {
                "id": "displayName",
                "value": "3601 prgGrid.lrPowerGrid"
              }
            ]
          }
        ]
      },
      "gridPos": {
        "h": 14,
        "w": 24,
        "x": 0,
        "y": 28
      },
      "id": 9,
      "options": {
        "legend": {
          "calcs": [
            "min",
            "max"
          ],
          "displayMode": "list",
          "placement": "bottom",
          "showLegend": true
        },
        "tooltip": {
          "mode": "multi",
          "sort": "none"
        }
      },
      "targets": [
        {
          "datasource": {
            "type": "postgres",
            "uid": "postgres_lynus"
          },
          "format": "time_series",
          "group": [
            {
              "params": [
                "15m",
                "previous"
              ],
              "type": "time"
            }
          ],
          "hide": false,
          "metricColumn": "unit",
          "rawQuery": false,
          "rawSql": "SELECT\n  $__timeGroupAlias(\"time\",15m,previous),\n  unit AS metric,\n  avg(value) AS \"value\"\nFROM public.measurements\nWHERE\n  $__timeFilter(\"time\") AND\n  variable = 3601\nGROUP BY 1,2\nORDER BY 1,2",
          "refId": "A",
          "select": [
            [
              {
                "params": [
                  "value"
                ],
                "type": "column"
              },
              {
                "params": [
                  "avg"
                ],
                "type": "aggregate"
              },
              {
                "params": [
                  "value"
                ],
                "type": "alias"
              }
            ]
          ],
          "table": "public.measurements",
          "timeColumn": "\"time\"",
          "timeColumnType": "timestamptz",
          "where": [
            {
              "name": "$__timeFilter",
              "params": [],
              "type": "macro"
            },
            {
              "datatype": "int8",
              "name": "",
              "params": [
                "variable",
                "=",
                "3601"
              ],
              "type": "expression"
            }
          ]
        }
      ],
      "title": "PTM Leistung 15min Durchschnitt",
      "type": "timeseries"
    },
    {
      "datasource": {
        "type": "postgres",
        "uid": "postgres_lynus"
      },
      "description": "",
      "fieldConfig": {
        "defaults": {
          "color": {
            "mode": "palette-classic"
          },
          "custom": {
            "axisCenteredZero": false,
            "axisColorMode": "text",
            "axisLabel": "",
            "axisPlacement": "auto",
            "barAlignment": 0,
            "drawStyle": "line",
            "fillOpacity": 0,
            "gradientMode": "none",
            "hideFrom": {
              "legend": false,
              "tooltip": false,
              "viz": false
            },
            "lineInterpolation": "linear",
            "lineWidth": 1,
            "pointSize": 5,
            "scaleDistribution": {
              "type": "linear"
            },
            "showPoints": "auto",
            "spanNulls": false,
            "stacking": {
              "group": "A",
              "mode": "none"
            },
            "thresholdsStyle": {
              "mode": "off"
            }
          },
          "mappings": [],
          "thresholds": {
            "mode": "absolute",
            "steps": [
              {
                "color": "green",
                "value": null
              }
            ]
          }
        },
        "overrides": [
          {
            "matcher": {
              "id": "byFrameRefID",
              "options": "A"
            },
            "properties": [
              {
                "id": "displayName",
                "value": "3601 prgGrid.lrPowerGrid"
              }
            ]
          },
          {
            "matcher": {
              "id": "byFrameRefID",
              "options": "B"
            },
            "properties": [
              {
                "id": "displayName",
                "value": "3607 prgPV.lrPowerPV"
              }
            ]
          },
          {
            "matcher": {
              "id": "byFrameRefID",
              "options": "C"
            },
            "properties": [
              {
                "id": "displayName",
                "value": "3576 prgBattery.lrPowerBattery"
              }
            ]
          }
        ]
      },
      "gridPos": {
        "h": 14,
        "w": 24,
        "x": 0,
        "y": 42
      },
      "id": 7,
      "options": {
        "legend": {
          "calcs": [],
          "displayMode": "list",
          "placement": "bottom",
          "showLegend": true
        },
        "tooltip": {
          "mode": "multi",
          "sort": "none"
        }
      },
      "targets": [
        {
          "datasource": {
            "type": "postgres",
            "uid": "postgres_lynus"
          },
          "format": "time_series",
          "group": [
            {
              "params": [
                "1s",
                "previous"
              ],
              "type": "time"
            }
          ],
          "hide": false,
          "metricColumn": "unit",
          "rawQuery": false,
          "rawSql": "SELECT\n  $__timeGroupAlias(\"time\",1s,previous),\n  unit AS metric,\n  avg(value) AS \"value\"\nFROM public.measurements\nWHERE\n  $__timeFilter(\"time\") AND\n  variable = 3601\nGROUP BY 1,2\nORDER BY 1,2",
          "refId": "A",
          "select": [
            [
              {
                "params": [
                  "value"
                ],
                "type": "column"
              },
              {
                "params": [
                  "avg"
                ],
                "type": "aggregate"
              },
              {
                "params": [
                  "value"
                ],
                "type": "alias"
              }
            ]
          ],
          "table": "public.measurements",
          "timeColumn": "\"time\"",
          "timeColumnType": "timestamptz",
          "where": [
            {
              "name": "$__timeFilter",
              "params": [],
              "type": "macro"
            },
            {
              "datatype": "int8",
              "name": "",
              "params": [
                "variable",
                "=",
                "3601"
              ],
              "type": "expression"
            }
          ]
        },
        {
          "datasource": {
            "type": "postgres",
            "uid": "postgres_lynus"
          },
          "format": "time_series",
          "group": [
            {
              "params": [
                "10s",
                "previous"
              ],
              "type": "time"
            }
          ],
          "hide": false,
          "metricColumn": "unit",
          "rawQuery": false,
          "rawSql": "SELECT\n  $__timeGroupAlias(\"time\",10s,previous),\n  unit AS metric,\n  avg(value) AS \"value\"\nFROM public.measurements\nWHERE\n  $__timeFilter(\"time\") AND\n  variable = 3607\nGROUP BY 1,2\nORDER BY 1,2",
          "refId": "B",
          "select": [
            [
              {
                "params": [
                  "value"
                ],
                "type": "column"
              },
              {
                "params": [
                  "avg"
                ],
                "type": "aggregate"
              },
              {
                "params": [
                  "value"
                ],
                "type": "alias"
              }
            ]
          ],
          "table": "public.measurements",
          "timeColumn": "\"time\"",
          "timeColumnType": "timestamptz",
          "where": [
            {
              "name": "$__timeFilter",
              "params": [],
              "type": "macro"
            },
            {
              "datatype": "int8",
              "name": "",
              "params": [
                "variable",
                "=",
                "3607"
              ],
              "type": "expression"
            }
          ]
        },
        {
          "datasource": {
            "type": "postgres",
            "uid": "postgres_lynus"
          },
          "format": "time_series",
          "group": [
            {
              "params": [
                "10s",
                "previous"
              ],
              "type": "time"
            }
          ],
          "hide": false,
          "metricColumn": "unit",
          "rawQuery": false,
          "rawSql": "SELECT\n  $__timeGroupAlias(\"time\",10s,previous),\n  unit AS metric,\n  avg(value) AS \"value\"\nFROM public.measurements\nWHERE\n  $__timeFilter(\"time\") AND\n  variable = 3576\nGROUP BY 1,2\nORDER BY 1,2",
          "refId": "C",
          "select": [
            [
              {
                "params": [
                  "value"
                ],
                "type": "column"
              },
              {
                "params": [
                  "avg"
                ],
                "type": "aggregate"
              },
              {
                "params": [
                  "value"
                ],
                "type": "alias"
              }
            ]
          ],
          "table": "public.measurements",
          "timeColumn": "\"time\"",
          "timeColumnType": "timestamptz",
          "where": [
            {
              "name": "$__timeFilter",
              "params": [],
              "type": "macro"
            },
            {
              "datatype": "int8",
              "name": "",
              "params": [
                "variable",
                "=",
                "3576"
              ],
              "type": "expression"
            }
          ]
        }
      ],
      "title": "PTM Leistung",
      "type": "timeseries"
    },
    {
      "datasource": {
        "type": "postgres",
        "uid": "postgres_lynus"
      },
      "description": "",
      "fieldConfig": {
        "defaults": {
          "color": {
            "mode": "palette-classic"
          },
          "custom": {
            "axisCenteredZero": false,
            "axisColorMode": "text",
            "axisLabel": "",
            "axisPlacement": "auto",
            "barAlignment": 0,
            "drawStyle": "line",
            "fillOpacity": 0,
            "gradientMode": "none",
            "hideFrom": {
              "legend": false,
              "tooltip": false,
              "viz": false
            },
            "lineInterpolation": "linear",
            "lineWidth": 1,
            "pointSize": 5,
            "scaleDistribution": {
              "type": "linear"
            },
            "showPoints": "auto",
            "spanNulls": false,
            "stacking": {
              "group": "A",
              "mode": "none"
            },
            "thresholdsStyle": {
              "mode": "off"
            }
          },
          "mappings": [],
          "max": 100,
          "min": -100,
          "thresholds": {
            "mode": "absolute",
            "steps": [
              {
                "color": "green",
                "value": null
              }
            ]
          }
        },
        "overrides": [
          {
            "matcher": {
              "id": "byFrameRefID",
              "options": "A"
            },
            "properties": [
              {
                "id": "displayName",
                "value": "3571 prgBattery.dwSOCBattery"
              }
            ]
          },
          {
            "matcher": {
              "id": "byFrameRefID",
              "options": "B"
            },
            "properties": [
              {
                "id": "displayName",
                "value": "3576 prgBattery.lrPowerBattery"
              }
            ]
          },
          {
            "matcher": {
              "id": "byFrameRefID",
              "options": "C"
            },
            "properties": [
              {
                "id": "displayName",
                "value": "3577 prgBattery.rTargetPowerBattery"
              }
            ]
          },
          {
            "__systemRef": "hideSeriesFrom",
            "matcher": {
              "id": "byNames",
              "options": {
                "mode": "exclude",
                "names": [
                  "3577 prgBattery.rTargetPowerBattery"
                ],
                "prefix": "All except:",
                "readOnly": true
              }
            },
            "properties": [
              {
                "id": "custom.hideFrom",
                "value": {
                  "legend": false,
                  "tooltip": false,
                  "viz": true
                }
              }
            ]
          }
        ]
      },
      "gridPos": {
        "h": 14,
        "w": 24,
        "x": 0,
        "y": 56
      },
      "id": 3,
      "options": {
        "legend": {
          "calcs": [],
          "displayMode": "list",
          "placement": "bottom",
          "showLegend": true
        },
        "tooltip": {
          "mode": "multi",
          "sort": "none"
        }
      },
      "targets": [
        {
          "datasource": {
            "type": "postgres",
            "uid": "postgres_lynus"
          },
          "format": "time_series",
          "group": [
            {
              "params": [
                "1s",
                "previous"
              ],
              "type": "time"
            }
          ],
          "hide": false,
          "metricColumn": "unit",
          "rawQuery": false,
          "rawSql": "SELECT\n  $__timeGroupAlias(\"time\",1s,previous),\n  unit AS metric,\n  avg(value) AS \"value\"\nFROM public.measurements\nWHERE\n  $__timeFilter(\"time\") AND\n  variable = 3571\nGROUP BY 1,2\nORDER BY 1,2",
          "refId": "A",
          "select": [
            [
              {
                "params": [
                  "value"
                ],
                "type": "column"
              },
              {
                "params": [
                  "avg"
                ],
                "type": "aggregate"
              },
              {
                "params": [
                  "value"
                ],
                "type": "alias"
              }
            ]
          ],
          "table": "public.measurements",
          "timeColumn": "\"time\"",
          "timeColumnType": "timestamptz",
          "where": [
            {
              "name": "$__timeFilter",
              "params": [],
              "type": "macro"
            },
            {
              "datatype": "int8",
              "name": "",
              "params": [
                "variable",
                "=",
                "3571"
              ],
              "type": "expression"
            }
          ]
        },
        {
          "datasource": {
            "type": "postgres",
            "uid": "postgres_lynus"
          },
          "format": "time_series",
          "group": [
            {
              "params": [
                "10s",
                "previous"
              ],
              "type": "time"
            }
          ],
          "hide": false,
          "metricColumn": "unit",
          "rawQuery": false,
          "rawSql": "SELECT\n  $__timeGroupAlias(\"time\",10s,previous),\n  unit AS metric,\n  avg(value) AS \"value\"\nFROM public.measurements\nWHERE\n  $__timeFilter(\"time\") AND\n  variable = 3576\nGROUP BY 1,2\nORDER BY 1,2",
          "refId": "B",
          "select": [
            [
              {
                "params": [
                  "value"
                ],
                "type": "column"
              },
              {
                "params": [
                  "avg"
                ],
                "type": "aggregate"
              },
              {
                "params": [
                  "value"
                ],
                "type": "alias"
              }
            ]
          ],
          "table": "public.measurements",
          "timeColumn": "\"time\"",
          "timeColumnType": "timestamptz",
          "where": [
            {
              "name": "$__timeFilter",
              "params": [],
              "type": "macro"
            },
            {
              "datatype": "int8",
              "name": "",
              "params": [
                "variable",
                "=",
                "3576"
              ],
              "type": "expression"
            }
          ]
        },
        {
          "datasource": {
            "type": "postgres",
            "uid": "postgres_lynus"
          },
          "format": "time_series",
          "group": [
            {
              "params": [
                "10s",
                "previous"
              ],
              "type": "time"
            }
          ],
          "hide": false,
          "metricColumn": "unit",
          "rawQuery": false,
          "rawSql": "SELECT\n  $__timeGroupAlias(\"time\",10s,previous),\n  unit AS metric,\n  avg(value) AS \"value\"\nFROM public.measurements\nWHERE\n  $__timeFilter(\"time\") AND\n  variable = 3577\nGROUP BY 1,2\nORDER BY 1,2",
          "refId": "C",
          "select": [
            [
              {
                "params": [
                  "value"
                ],
                "type": "column"
              },
              {
                "params": [
                  "avg"
                ],
                "type": "aggregate"
              },
              {
                "params": [
                  "value"
                ],
                "type": "alias"
              }
            ]
          ],
          "table": "public.measurements",
          "timeColumn": "\"time\"",
          "timeColumnType": "timestamptz",
          "where": [
            {
              "name": "$__timeFilter",
              "params": [],
              "type": "macro"
            },
            {
              "datatype": "int8",
              "name": "",
              "params": [
                "variable",
                "=",
                "3577"
              ],
              "type": "expression"
            }
          ]
        }
      ],
      "title": "PTM Battery",
      "type": "timeseries"
    },
    {
      "datasource": {
        "type": "postgres",
        "uid": "postgres_lynus"
      },
      "description": "",
      "fieldConfig": {
        "defaults": {
          "color": {
            "mode": "palette-classic"
          },
          "custom": {
            "axisCenteredZero": false,
            "axisColorMode": "text",
            "axisLabel": "",
            "axisPlacement": "auto",
            "barAlignment": 0,
            "drawStyle": "line",
            "fillOpacity": 0,
            "gradientMode": "none",
            "hideFrom": {
              "legend": false,
              "tooltip": false,
              "viz": false
            },
            "lineInterpolation": "linear",
            "lineWidth": 1,
            "pointSize": 5,
            "scaleDistribution": {
              "type": "linear"
            },
            "showPoints": "auto",
            "spanNulls": false,
            "stacking": {
              "group": "A",
              "mode": "none"
            },
            "thresholdsStyle": {
              "mode": "off"
            }
          },
          "mappings": [],
          "min": 0,
          "thresholds": {
            "mode": "absolute",
            "steps": [
              {
                "color": "green",
                "value": null
              }
            ]
          }
        },
        "overrides": [
          {
            "matcher": {
              "id": "byFrameRefID",
              "options": "A"
            },
            "properties": [
              {
                "id": "displayName",
                "value": "3608 prgPV.lrPowerPV_1"
              }
            ]
          },
          {
            "matcher": {
              "id": "byFrameRefID",
              "options": "B"
            },
            "properties": [
              {
                "id": "displayName",
                "value": "3609 prgPV.lrPowerPV_2"
              }
            ]
          },
          {
            "matcher": {
              "id": "byFrameRefID",
              "options": "C"
            },
            "properties": [
              {
                "id": "displayName",
                "value": "3610 prgPV.lrPowerPV_3"
              }
            ]
          },
          {
            "matcher": {
              "id": "byFrameRefID",
              "options": "D"
            },
            "properties": [
              {
                "id": "displayName",
                "value": "3611 prgPV.lrPowerPV_4"
              }
            ]
          }
        ]
      },
      "gridPos": {
        "h": 14,
        "w": 24,
        "x": 0,
        "y": 70
      },
      "id": 4,
      "options": {
        "legend": {
          "calcs": [],
          "displayMode": "list",
          "placement": "bottom",
          "showLegend": true
        },
        "tooltip": {
          "mode": "multi",
          "sort": "none"
        }
      },
      "targets": [
        {
          "datasource": {
            "type": "postgres",
            "uid": "postgres_lynus"
          },
          "format": "time_series",
          "group": [
            {
              "params": [
                "10s",
                "previous"
              ],
              "type": "time"
            }
          ],
          "hide": false,
          "metricColumn": "unit",
          "rawQuery": false,
          "rawSql": "SELECT\n  $__timeGroupAlias(\"time\",10s,previous),\n  unit AS metric,\n  avg(value) AS \"value\"\nFROM public.measurements\nWHERE\n  $__timeFilter(\"time\") AND\n  variable = 3608\nGROUP BY 1,2\nORDER BY 1,2",
          "refId": "A",
          "select": [
            [
              {
                "params": [
                  "value"
                ],
                "type": "column"
              },
              {
                "params": [
                  "avg"
                ],
                "type": "aggregate"
              },
              {
                "params": [
                  "value"
                ],
                "type": "alias"
              }
            ]
          ],
          "table": "public.measurements",
          "timeColumn": "\"time\"",
          "timeColumnType": "timestamptz",
          "where": [
            {
              "name": "$__timeFilter",
              "params": [],
              "type": "macro"
            },
            {
              "datatype": "int8",
              "name": "",
              "params": [
                "variable",
                "=",
                "3608"
              ],
              "type": "expression"
            }
          ]
        },
        {
          "datasource": {
            "type": "postgres",
            "uid": "postgres_lynus"
          },
          "format": "time_series",
          "group": [
            {
              "params": [
                "10s",
                "previous"
              ],
              "type": "time"
            }
          ],
          "hide": false,
          "metricColumn": "unit",
          "rawQuery": false,
          "rawSql": "SELECT\n  $__timeGroupAlias(\"time\",10s,previous),\n  unit AS metric,\n  avg(value) AS \"value\"\nFROM public.measurements\nWHERE\n  $__timeFilter(\"time\") AND\n  variable = 3609\nGROUP BY 1,2\nORDER BY 1,2",
          "refId": "B",
          "select": [
            [
              {
                "params": [
                  "value"
                ],
                "type": "column"
              },
              {
                "params": [
                  "avg"
                ],
                "type": "aggregate"
              },
              {
                "params": [
                  "value"
                ],
                "type": "alias"
              }
            ]
          ],
          "table": "public.measurements",
          "timeColumn": "\"time\"",
          "timeColumnType": "timestamptz",
          "where": [
            {
              "name": "$__timeFilter",
              "params": [],
              "type": "macro"
            },
            {
              "datatype": "int8",
              "name": "",
              "params": [
                "variable",
                "=",
                "3609"
              ],
              "type": "expression"
            }
          ]
        },
        {
          "datasource": {
            "type": "postgres",
            "uid": "postgres_lynus"
          },
          "format": "time_series",
          "group": [
            {
              "params": [
                "10s",
                "previous"
              ],
              "type": "time"
            }
          ],
          "hide": false,
          "metricColumn": "unit",
          "rawQuery": false,
          "rawSql": "SELECT\n  $__timeGroupAlias(\"time\",10s,previous),\n  unit AS metric,\n  avg(value) AS \"value\"\nFROM public.measurements\nWHERE\n  $__timeFilter(\"time\") AND\n  variable = 3610\nGROUP BY 1,2\nORDER BY 1,2",
          "refId": "C",
          "select": [
            [
              {
                "params": [
                  "value"
                ],
                "type": "column"
              },
              {
                "params": [
                  "avg"
                ],
                "type": "aggregate"
              },
              {
                "params": [
                  "value"
                ],
                "type": "alias"
              }
            ]
          ],
          "table": "public.measurements",
          "timeColumn": "\"time\"",
          "timeColumnType": "timestamptz",
          "where": [
            {
              "name": "$__timeFilter",
              "params": [],
              "type": "macro"
            },
            {
              "datatype": "int8",
              "name": "",
              "params": [
                "variable",
                "=",
                "3610"
              ],
              "type": "expression"
            }
          ]
        },
        {
          "datasource": {
            "type": "postgres",
            "uid": "postgres_lynus"
          },
          "format": "time_series",
          "group": [
            {
              "params": [
                "10s",
                "previous"
              ],
              "type": "time"
            }
          ],
          "hide": false,
          "metricColumn": "unit",
          "rawQuery": false,
          "rawSql": "SELECT\n  $__timeGroupAlias(\"time\",10s,previous),\n  unit AS metric,\n  avg(value) AS \"value\"\nFROM public.measurements\nWHERE\n  $__timeFilter(\"time\") AND\n  variable = 3611\nGROUP BY 1,2\nORDER BY 1,2",
          "refId": "D",
          "select": [
            [
              {
                "params": [
                  "value"
                ],
                "type": "column"
              },
              {
                "params": [
                  "avg"
                ],
                "type": "aggregate"
              },
              {
                "params": [
                  "value"
                ],
                "type": "alias"
              }
            ]
          ],
          "table": "public.measurements",
          "timeColumn": "\"time\"",
          "timeColumnType": "timestamptz",
          "where": [
            {
              "name": "$__timeFilter",
              "params": [],
              "type": "macro"
            },
            {
              "datatype": "int8",
              "name": "",
              "params": [
                "variable",
                "=",
                "3611"
              ],
              "type": "expression"
            }
          ]
        },
        {
          "datasource": {
            "type": "postgres",
            "uid": "postgres_lynus"
          },
          "format": "table",
          "group": [
            {
              "params": [
                "10s",
                "previous"
              ],
              "type": "time"
            }
          ],
          "hide": false,
          "metricColumn": "unit",
          "rawQuery": true,
          "rawSql": "SELECT\r\n  $__timeGroupAlias(\"time\",10s,previous),\r\n  unit AS metric,\r\n  avg(value) AS \"prgPV.lrPowerPV_5\"\r\nFROM public.measurements\r\nWHERE\r\n  $__timeFilter(\"time\") AND\r\n  variable = (select id from public.measurements_meta where project ='5ee57453-fd55-4192-b735-1cf18f64f6fd' and variable = 'prgPV.lrPowerPV_5')\r\nGROUP BY 1,2\r\nORDER BY 1,2",
          "refId": "E",
          "select": [
            [
              {
                "params": [
                  "value"
                ],
                "type": "column"
              },
              {
                "params": [
                  "avg"
                ],
                "type": "aggregate"
              },
              {
                "params": [
                  "value"
                ],
                "type": "alias"
              }
            ]
          ],
          "table": "public.measurements",
          "timeColumn": "\"time\"",
          "timeColumnType": "timestamptz",
          "where": [
            {
              "name": "$__timeFilter",
              "params": [],
              "type": "macro"
            },
            {
              "datatype": "int8",
              "name": "",
              "params": [
                "variable",
                "=",
                "3611"
              ],
              "type": "expression"
            }
          ]
        }
      ],
      "title": "PTM Solar",
      "type": "timeseries"
    },
    {
      "datasource": {
        "type": "postgres",
        "uid": "postgres_lynus"
      },
      "description": "",
      "fieldConfig": {
        "defaults": {
          "color": {
            "mode": "palette-classic"
          },
          "custom": {
            "axisCenteredZero": false,
            "axisColorMode": "text",
            "axisLabel": "",
            "axisPlacement": "auto",
            "barAlignment": 0,
            "drawStyle": "line",
            "fillOpacity": 50,
            "gradientMode": "opacity",
            "hideFrom": {
              "legend": false,
              "tooltip": false,
              "viz": false
            },
            "lineInterpolation": "linear",
            "lineWidth": 1,
            "pointSize": 5,
            "scaleDistribution": {
              "type": "linear"
            },
            "showPoints": "auto",
            "spanNulls": false,
            "stacking": {
              "group": "A",
              "mode": "normal"
            },
            "thresholdsStyle": {
              "mode": "off"
            }
          },
          "mappings": [],
          "min": 0,
          "thresholds": {
            "mode": "absolute",
            "steps": [
              {
                "color": "green",
                "value": null
              }
            ]
          }
        },
        "overrides": [
          {
            "matcher": {
              "id": "byFrameRefID",
              "options": "A"
            },
            "properties": [
              {
                "id": "displayName",
                "value": "3608 prgPV.lrPowerPV_1"
              }
            ]
          },
          {
            "matcher": {
              "id": "byFrameRefID",
              "options": "B"
            },
            "properties": [
              {
                "id": "displayName",
                "value": "3609 prgPV.lrPowerPV_2"
              }
            ]
          },
          {
            "matcher": {
              "id": "byFrameRefID",
              "options": "C"
            },
            "properties": [
              {
                "id": "displayName",
                "value": "3610 prgPV.lrPowerPV_3"
              }
            ]
          },
          {
            "matcher": {
              "id": "byFrameRefID",
              "options": "D"
            },
            "properties": [
              {
                "id": "displayName",
                "value": "3611 prgPV.lrPowerPV_4"
              }
            ]
          }
        ]
      },
      "gridPos": {
        "h": 14,
        "w": 24,
        "x": 0,
        "y": 84
      },
      "id": 12,
      "options": {
        "legend": {
          "calcs": [],
          "displayMode": "list",
          "placement": "bottom",
          "showLegend": true
        },
        "tooltip": {
          "mode": "multi",
          "sort": "none"
        }
      },
      "targets": [
        {
          "datasource": {
            "type": "postgres",
            "uid": "postgres_lynus"
          },
          "format": "time_series",
          "group": [
            {
              "params": [
                "10s",
                "previous"
              ],
              "type": "time"
            }
          ],
          "hide": false,
          "metricColumn": "unit",
          "rawQuery": false,
          "rawSql": "SELECT\n  $__timeGroupAlias(\"time\",10s,previous),\n  unit AS metric,\n  avg(value) AS \"value\"\nFROM public.measurements\nWHERE\n  $__timeFilter(\"time\") AND\n  variable = 3608\nGROUP BY 1,2\nORDER BY 1,2",
          "refId": "A",
          "select": [
            [
              {
                "params": [
                  "value"
                ],
                "type": "column"
              },
              {
                "params": [
                  "avg"
                ],
                "type": "aggregate"
              },
              {
                "params": [
                  "value"
                ],
                "type": "alias"
              }
            ]
          ],
          "table": "public.measurements",
          "timeColumn": "\"time\"",
          "timeColumnType": "timestamptz",
          "where": [
            {
              "name": "$__timeFilter",
              "params": [],
              "type": "macro"
            },
            {
              "datatype": "int8",
              "name": "",
              "params": [
                "variable",
                "=",
                "3608"
              ],
              "type": "expression"
            }
          ]
        },
        {
          "datasource": {
            "type": "postgres",
            "uid": "postgres_lynus"
          },
          "format": "time_series",
          "group": [
            {
              "params": [
                "10s",
                "previous"
              ],
              "type": "time"
            }
          ],
          "hide": false,
          "metricColumn": "unit",
          "rawQuery": false,
          "rawSql": "SELECT\n  $__timeGroupAlias(\"time\",10s,previous),\n  unit AS metric,\n  avg(value) AS \"value\"\nFROM public.measurements\nWHERE\n  $__timeFilter(\"time\") AND\n  variable = 3609\nGROUP BY 1,2\nORDER BY 1,2",
          "refId": "B",
          "select": [
            [
              {
                "params": [
                  "value"
                ],
                "type": "column"
              },
              {
                "params": [
                  "avg"
                ],
                "type": "aggregate"
              },
              {
                "params": [
                  "value"
                ],
                "type": "alias"
              }
            ]
          ],
          "table": "public.measurements",
          "timeColumn": "\"time\"",
          "timeColumnType": "timestamptz",
          "where": [
            {
              "name": "$__timeFilter",
              "params": [],
              "type": "macro"
            },
            {
              "datatype": "int8",
              "name": "",
              "params": [
                "variable",
                "=",
                "3609"
              ],
              "type": "expression"
            }
          ]
        },
        {
          "datasource": {
            "type": "postgres",
            "uid": "postgres_lynus"
          },
          "format": "time_series",
          "group": [
            {
              "params": [
                "10s",
                "previous"
              ],
              "type": "time"
            }
          ],
          "hide": false,
          "metricColumn": "unit",
          "rawQuery": false,
          "rawSql": "SELECT\n  $__timeGroupAlias(\"time\",10s,previous),\n  unit AS metric,\n  avg(value) AS \"value\"\nFROM public.measurements\nWHERE\n  $__timeFilter(\"time\") AND\n  variable = 3610\nGROUP BY 1,2\nORDER BY 1,2",
          "refId": "C",
          "select": [
            [
              {
                "params": [
                  "value"
                ],
                "type": "column"
              },
              {
                "params": [
                  "avg"
                ],
                "type": "aggregate"
              },
              {
                "params": [
                  "value"
                ],
                "type": "alias"
              }
            ]
          ],
          "table": "public.measurements",
          "timeColumn": "\"time\"",
          "timeColumnType": "timestamptz",
          "where": [
            {
              "name": "$__timeFilter",
              "params": [],
              "type": "macro"
            },
            {
              "datatype": "int8",
              "name": "",
              "params": [
                "variable",
                "=",
                "3610"
              ],
              "type": "expression"
            }
          ]
        },
        {
          "datasource": {
            "type": "postgres",
            "uid": "postgres_lynus"
          },
          "format": "time_series",
          "group": [
            {
              "params": [
                "10s",
                "previous"
              ],
              "type": "time"
            }
          ],
          "hide": false,
          "metricColumn": "unit",
          "rawQuery": false,
          "rawSql": "SELECT\n  $__timeGroupAlias(\"time\",10s,previous),\n  unit AS metric,\n  avg(value) AS \"value\"\nFROM public.measurements\nWHERE\n  $__timeFilter(\"time\") AND\n  variable = 3611\nGROUP BY 1,2\nORDER BY 1,2",
          "refId": "D",
          "select": [
            [
              {
                "params": [
                  "value"
                ],
                "type": "column"
              },
              {
                "params": [
                  "avg"
                ],
                "type": "aggregate"
              },
              {
                "params": [
                  "value"
                ],
                "type": "alias"
              }
            ]
          ],
          "table": "public.measurements",
          "timeColumn": "\"time\"",
          "timeColumnType": "timestamptz",
          "where": [
            {
              "name": "$__timeFilter",
              "params": [],
              "type": "macro"
            },
            {
              "datatype": "int8",
              "name": "",
              "params": [
                "variable",
                "=",
                "3611"
              ],
              "type": "expression"
            }
          ]
        },
        {
          "datasource": {
            "type": "postgres",
            "uid": "postgres_lynus"
          },
          "format": "table",
          "group": [
            {
              "params": [
                "10s",
                "previous"
              ],
              "type": "time"
            }
          ],
          "hide": false,
          "metricColumn": "unit",
          "rawQuery": true,
          "rawSql": "SELECT\r\n  $__timeGroupAlias(\"time\",10s,previous),\r\n  unit AS metric,\r\n  avg(value) AS \"prgPV.lrPowerPV_5\"\r\nFROM public.measurements\r\nWHERE\r\n  $__timeFilter(\"time\") AND\r\n  variable = (select id from public.measurements_meta where project ='5ee57453-fd55-4192-b735-1cf18f64f6fd' and variable = 'prgPV.lrPowerPV_5')\r\nGROUP BY 1,2\r\nORDER BY 1,2",
          "refId": "E",
          "select": [
            [
              {
                "params": [
                  "value"
                ],
                "type": "column"
              },
              {
                "params": [
                  "avg"
                ],
                "type": "aggregate"
              },
              {
                "params": [
                  "value"
                ],
                "type": "alias"
              }
            ]
          ],
          "table": "public.measurements",
          "timeColumn": "\"time\"",
          "timeColumnType": "timestamptz",
          "where": [
            {
              "name": "$__timeFilter",
              "params": [],
              "type": "macro"
            },
            {
              "datatype": "int8",
              "name": "",
              "params": [
                "variable",
                "=",
                "3611"
              ],
              "type": "expression"
            }
          ]
        }
      ],
      "title": "PTM Solar stacked",
      "type": "timeseries"
    },
    {
      "datasource": {
        "type": "postgres",
        "uid": "postgres_lynus"
      },
      "description": "",
      "fieldConfig": {
        "defaults": {
          "color": {
            "mode": "palette-classic"
          },
          "custom": {
            "axisCenteredZero": false,
            "axisColorMode": "text",
            "axisLabel": "",
            "axisPlacement": "auto",
            "barAlignment": 0,
            "drawStyle": "line",
            "fillOpacity": 0,
            "gradientMode": "none",
            "hideFrom": {
              "legend": false,
              "tooltip": false,
              "viz": false
            },
            "lineInterpolation": "linear",
            "lineWidth": 1,
            "pointSize": 5,
            "scaleDistribution": {
              "type": "linear"
            },
            "showPoints": "auto",
            "spanNulls": false,
            "stacking": {
              "group": "A",
              "mode": "none"
            },
            "thresholdsStyle": {
              "mode": "off"
            }
          },
          "mappings": [],
          "thresholds": {
            "mode": "absolute",
            "steps": [
              {
                "color": "green",
                "value": null
              }
            ]
          }
        },
        "overrides": [
          {
            "matcher": {
              "id": "byFrameRefID",
              "options": "A"
            },
            "properties": [
              {
                "id": "displayName",
                "value": "3613 prgGrid.lr_GridVoltageL1N_V"
              }
            ]
          },
          {
            "matcher": {
              "id": "byFrameRefID",
              "options": "B"
            },
            "properties": [
              {
                "id": "displayName",
                "value": "3614 prgGrid.lr_GridVoltageL2N_V"
              }
            ]
          },
          {
            "matcher": {
              "id": "byFrameRefID",
              "options": "C"
            },
            "properties": [
              {
                "id": "displayName",
                "value": "3615 prgGrid.lr_GridVoltageL3N_V"
              }
            ]
          }
        ]
      },
      "gridPos": {
        "h": 14,
        "w": 24,
        "x": 0,
        "y": 98
      },
      "id": 5,
      "options": {
        "legend": {
          "calcs": [],
          "displayMode": "list",
          "placement": "bottom",
          "showLegend": true
        },
        "tooltip": {
          "mode": "multi",
          "sort": "none"
        }
      },
      "targets": [
        {
          "datasource": {
            "type": "postgres",
            "uid": "postgres_lynus"
          },
          "format": "time_series",
          "group": [
            {
              "params": [
                "10s",
                "previous"
              ],
              "type": "time"
            }
          ],
          "hide": false,
          "metricColumn": "unit",
          "rawQuery": false,
          "rawSql": "SELECT\n  $__timeGroupAlias(\"time\",10s,previous),\n  unit AS metric,\n  avg(value) AS \"value\"\nFROM public.measurements\nWHERE\n  $__timeFilter(\"time\") AND\n  variable = 3613\nGROUP BY 1,2\nORDER BY 1,2",
          "refId": "A",
          "select": [
            [
              {
                "params": [
                  "value"
                ],
                "type": "column"
              },
              {
                "params": [
                  "avg"
                ],
                "type": "aggregate"
              },
              {
                "params": [
                  "value"
                ],
                "type": "alias"
              }
            ]
          ],
          "table": "public.measurements",
          "timeColumn": "\"time\"",
          "timeColumnType": "timestamptz",
          "where": [
            {
              "name": "$__timeFilter",
              "params": [],
              "type": "macro"
            },
            {
              "datatype": "int8",
              "name": "",
              "params": [
                "variable",
                "=",
                "3613"
              ],
              "type": "expression"
            }
          ]
        },
        {
          "datasource": {
            "type": "postgres",
            "uid": "postgres_lynus"
          },
          "format": "time_series",
          "group": [
            {
              "params": [
                "10s",
                "previous"
              ],
              "type": "time"
            }
          ],
          "hide": false,
          "metricColumn": "unit",
          "rawQuery": false,
          "rawSql": "SELECT\n  $__timeGroupAlias(\"time\",10s,previous),\n  unit AS metric,\n  avg(value) AS \"value\"\nFROM public.measurements\nWHERE\n  $__timeFilter(\"time\") AND\n  variable = 3614\nGROUP BY 1,2\nORDER BY 1,2",
          "refId": "B",
          "select": [
            [
              {
                "params": [
                  "value"
                ],
                "type": "column"
              },
              {
                "params": [
                  "avg"
                ],
                "type": "aggregate"
              },
              {
                "params": [
                  "value"
                ],
                "type": "alias"
              }
            ]
          ],
          "table": "public.measurements",
          "timeColumn": "\"time\"",
          "timeColumnType": "timestamptz",
          "where": [
            {
              "name": "$__timeFilter",
              "params": [],
              "type": "macro"
            },
            {
              "datatype": "int8",
              "name": "",
              "params": [
                "variable",
                "=",
                "3614"
              ],
              "type": "expression"
            }
          ]
        },
        {
          "datasource": {
            "type": "postgres",
            "uid": "postgres_lynus"
          },
          "format": "time_series",
          "group": [
            {
              "params": [
                "10s",
                "previous"
              ],
              "type": "time"
            }
          ],
          "hide": false,
          "metricColumn": "unit",
          "rawQuery": false,
          "rawSql": "SELECT\n  $__timeGroupAlias(\"time\",10s,previous),\n  unit AS metric,\n  avg(value) AS \"value\"\nFROM public.measurements\nWHERE\n  $__timeFilter(\"time\") AND\n  variable = 3615\nGROUP BY 1,2\nORDER BY 1,2",
          "refId": "C",
          "select": [
            [
              {
                "params": [
                  "value"
                ],
                "type": "column"
              },
              {
                "params": [
                  "avg"
                ],
                "type": "aggregate"
              },
              {
                "params": [
                  "value"
                ],
                "type": "alias"
              }
            ]
          ],
          "table": "public.measurements",
          "timeColumn": "\"time\"",
          "timeColumnType": "timestamptz",
          "where": [
            {
              "name": "$__timeFilter",
              "params": [],
              "type": "macro"
            },
            {
              "datatype": "int8",
              "name": "",
              "params": [
                "variable",
                "=",
                "3615"
              ],
              "type": "expression"
            }
          ]
        }
      ],
      "title": "PTM Spannungen L-N",
      "type": "timeseries"
    },
    {
      "datasource": {
        "type": "postgres",
        "uid": "postgres_lynus"
      },
      "description": "",
      "fieldConfig": {
        "defaults": {
          "color": {
            "mode": "palette-classic"
          },
          "custom": {
            "axisCenteredZero": false,
            "axisColorMode": "text",
            "axisLabel": "",
            "axisPlacement": "auto",
            "barAlignment": 0,
            "drawStyle": "line",
            "fillOpacity": 0,
            "gradientMode": "none",
            "hideFrom": {
              "legend": false,
              "tooltip": false,
              "viz": false
            },
            "lineInterpolation": "linear",
            "lineWidth": 1,
            "pointSize": 5,
            "scaleDistribution": {
              "type": "linear"
            },
            "showPoints": "auto",
            "spanNulls": false,
            "stacking": {
              "group": "A",
              "mode": "none"
            },
            "thresholdsStyle": {
              "mode": "off"
            }
          },
          "mappings": [],
          "thresholds": {
            "mode": "absolute",
            "steps": [
              {
                "color": "green",
                "value": null
              }
            ]
          }
        },
        "overrides": [
          {
            "matcher": {
              "id": "byName",
              "options": "prgHouse.lrPowerHouse"
            },
            "properties": [
              {
                "id": "color",
                "value": {
                  "fixedColor": "blue",
                  "mode": "fixed"
                }
              }
            ]
          }
        ]
      },
      "gridPos": {
        "h": 14,
        "w": 24,
        "x": 0,
        "y": 112
      },
      "id": 11,
      "options": {
        "legend": {
          "calcs": [],
          "displayMode": "list",
          "placement": "bottom",
          "showLegend": true
        },
        "tooltip": {
          "mode": "multi",
          "sort": "none"
        }
      },
      "targets": [
        {
          "datasource": {
            "type": "postgres",
            "uid": "postgres_lynus"
          },
          "format": "table",
          "group": [
            {
              "params": [
                "10s",
                "previous"
              ],
              "type": "time"
            }
          ],
          "hide": false,
          "metricColumn": "unit",
          "rawQuery": true,
          "rawSql": "SELECT\r\n  $__timeGroupAlias(\"time\",10s,previous),\r\n  unit AS metric,\r\n  avg(value) AS \"prgHouse.lrPowerHouseCalculated\"\r\nFROM public.measurements\r\nWHERE\r\n  $__timeFilter(\"time\") AND\r\n  variable = (select id from public.measurements_meta where project ='5ee57453-fd55-4192-b735-1cf18f64f6fd' and variable = 'prgHouse.lrPowerHouseCaluclated')\r\nGROUP BY 1,2\r\nORDER BY 1,2\r\n",
          "refId": "A",
          "select": [
            [
              {
                "params": [
                  "value"
                ],
                "type": "column"
              },
              {
                "params": [
                  "avg"
                ],
                "type": "aggregate"
              },
              {
                "params": [
                  "value"
                ],
                "type": "alias"
              }
            ]
          ],
          "table": "public.measurements",
          "timeColumn": "\"time\"",
          "timeColumnType": "timestamptz",
          "where": [
            {
              "name": "$__timeFilter",
              "params": [],
              "type": "macro"
            },
            {
              "datatype": "int8",
              "name": "",
              "params": [
                "variable",
                "=",
                "3613"
              ],
              "type": "expression"
            }
          ]
        },
        {
          "datasource": {
            "type": "postgres",
            "uid": "postgres_lynus"
          },
          "format": "table",
          "group": [
            {
              "params": [
                "10s",
                "previous"
              ],
              "type": "time"
            }
          ],
          "hide": false,
          "metricColumn": "unit",
          "rawQuery": true,
          "rawSql": "SELECT\r\n  $__timeGroupAlias(\"time\",10s,previous),\r\n  unit AS metric,\r\n  avg(value) AS \"prgHouse.lrPowerHouse\"\r\nFROM public.measurements\r\nWHERE\r\n  $__timeFilter(\"time\") AND\r\n  variable = (select id from public.measurements_meta where project ='5ee57453-fd55-4192-b735-1cf18f64f6fd' and variable = 'prgHouse.lrPowerHouse')\r\nGROUP BY 1,2\r\nORDER BY 1,2\r\n",
          "refId": "B",
          "select": [
            [
              {
                "params": [
                  "value"
                ],
                "type": "column"
              },
              {
                "params": [
                  "avg"
                ],
                "type": "aggregate"
              },
              {
                "params": [
                  "value"
                ],
                "type": "alias"
              }
            ]
          ],
          "table": "public.measurements",
          "timeColumn": "\"time\"",
          "timeColumnType": "timestamptz",
          "where": [
            {
              "name": "$__timeFilter",
              "params": [],
              "type": "macro"
            },
            {
              "datatype": "int8",
              "name": "",
              "params": [
                "variable",
                "=",
                "3613"
              ],
              "type": "expression"
            }
          ]
        }
      ],
      "title": "PTM Vergleich Virtual House",
      "type": "timeseries"
    },
    {
      "datasource": {
        "type": "postgres",
        "uid": "postgres_lynus"
      },
      "description": "",
      "fieldConfig": {
        "defaults": {
          "color": {
            "mode": "palette-classic"
          },
          "custom": {
            "axisCenteredZero": false,
            "axisColorMode": "text",
            "axisLabel": "",
            "axisPlacement": "auto",
            "barAlignment": 0,
            "drawStyle": "points",
            "fillOpacity": 0,
            "gradientMode": "none",
            "hideFrom": {
              "legend": false,
              "tooltip": false,
              "viz": false
            },
            "lineInterpolation": "linear",
            "lineWidth": 1,
            "pointSize": 5,
            "scaleDistribution": {
              "type": "linear"
            },
            "showPoints": "auto",
            "spanNulls": false,
            "stacking": {
              "group": "A",
              "mode": "none"
            },
            "thresholdsStyle": {
              "mode": "off"
            }
          },
          "mappings": [],
          "thresholds": {
            "mode": "absolute",
            "steps": [
              {
                "color": "green",
                "value": null
              }
            ]
          }
        },
        "overrides": [
          {
            "matcher": {
              "id": "byFrameRefID",
              "options": "A"
            },
            "properties": [
              {
                "id": "displayName",
                "value": "3617 prgEMS.b_StartReleaseBatteryCharging"
              }
            ]
          },
          {
            "matcher": {
              "id": "byFrameRefID",
              "options": "B"
            },
            "properties": [
              {
                "id": "displayName",
                "value": "3618 prgEMS.b_StopReleaseBatteryCharging"
              }
            ]
          },
          {
            "matcher": {
              "id": "byFrameRefID",
              "options": "C"
            },
            "properties": [
              {
                "id": "displayName",
                "value": "3620 prgEMS.b_TimeBasedReleaseChargingBattery"
              }
            ]
          }
        ]
      },
      "gridPos": {
        "h": 14,
        "w": 24,
        "x": 0,
        "y": 126
      },
      "id": 6,
      "options": {
        "legend": {
          "calcs": [],
          "displayMode": "list",
          "placement": "bottom",
          "showLegend": true
        },
        "tooltip": {
          "mode": "multi",
          "sort": "none"
        }
      },
      "targets": [
        {
          "datasource": {
            "type": "postgres",
            "uid": "postgres_lynus"
          },
          "format": "time_series",
          "group": [],
          "hide": false,
          "metricColumn": "unit",
          "rawQuery": false,
          "rawSql": "SELECT\n  \"time\" AS \"time\",\n  unit AS metric,\n  value AS \"value\"\nFROM public.measurements\nWHERE\n  $__timeFilter(\"time\") AND\n  variable = 3617\nORDER BY 1,2",
          "refId": "A",
          "select": [
            [
              {
                "params": [
                  "value"
                ],
                "type": "column"
              },
              {
                "params": [
                  "value"
                ],
                "type": "alias"
              }
            ]
          ],
          "table": "public.measurements",
          "timeColumn": "\"time\"",
          "timeColumnType": "timestamptz",
          "where": [
            {
              "name": "$__timeFilter",
              "params": [],
              "type": "macro"
            },
            {
              "datatype": "int8",
              "name": "",
              "params": [
                "variable",
                "=",
                "3617"
              ],
              "type": "expression"
            }
          ]
        },
        {
          "datasource": {
            "type": "postgres",
            "uid": "postgres_lynus"
          },
          "format": "time_series",
          "group": [],
          "hide": false,
          "metricColumn": "unit",
          "rawQuery": false,
          "rawSql": "SELECT\n  \"time\" AS \"time\",\n  unit AS metric,\n  value AS \"value\"\nFROM public.measurements\nWHERE\n  $__timeFilter(\"time\") AND\n  variable = 3618\nORDER BY 1,2",
          "refId": "B",
          "select": [
            [
              {
                "params": [
                  "value"
                ],
                "type": "column"
              },
              {
                "params": [
                  "value"
                ],
                "type": "alias"
              }
            ]
          ],
          "table": "public.measurements",
          "timeColumn": "\"time\"",
          "timeColumnType": "timestamptz",
          "where": [
            {
              "name": "$__timeFilter",
              "params": [],
              "type": "macro"
            },
            {
              "datatype": "int8",
              "name": "",
              "params": [
                "variable",
                "=",
                "3618"
              ],
              "type": "expression"
            }
          ]
        },
        {
          "datasource": {
            "type": "postgres",
            "uid": "postgres_lynus"
          },
          "format": "time_series",
          "group": [],
          "hide": false,
          "metricColumn": "unit",
          "rawQuery": false,
          "rawSql": "SELECT\n  \"time\" AS \"time\",\n  unit AS metric,\n  value AS \"value\"\nFROM public.measurements\nWHERE\n  $__timeFilter(\"time\") AND\n  variable = 3620\nORDER BY 1,2",
          "refId": "C",
          "select": [
            [
              {
                "params": [
                  "value"
                ],
                "type": "column"
              },
              {
                "params": [
                  "value"
                ],
                "type": "alias"
              }
            ]
          ],
          "table": "public.measurements",
          "timeColumn": "\"time\"",
          "timeColumnType": "timestamptz",
          "where": [
            {
              "name": "$__timeFilter",
              "params": [],
              "type": "macro"
            },
            {
              "datatype": "int8",
              "name": "",
              "params": [
                "variable",
                "=",
                "3620"
              ],
              "type": "expression"
            }
          ]
        }
      ],
      "title": "PTM Start / Stop",
      "type": "timeseries"
    },
    {
      "datasource": {
        "type": "postgres",
        "uid": "postgres_lynus"
      },
      "description": "",
      "fieldConfig": {
        "defaults": {
          "color": {
            "mode": "palette-classic"
          },
          "custom": {
            "axisCenteredZero": false,
            "axisColorMode": "text",
            "axisLabel": "",
            "axisPlacement": "auto",
            "barAlignment": 0,
            "drawStyle": "bars",
            "fillOpacity": 100,
            "gradientMode": "none",
            "hideFrom": {
              "legend": false,
              "tooltip": false,
              "viz": false
            },
            "lineInterpolation": "linear",
            "lineWidth": 1,
            "pointSize": 5,
            "scaleDistribution": {
              "type": "linear"
            },
            "showPoints": "auto",
            "spanNulls": false,
            "stacking": {
              "group": "A",
              "mode": "none"
            },
            "thresholdsStyle": {
              "mode": "off"
            }
          },
          "mappings": [],
          "thresholds": {
            "mode": "absolute",
            "steps": [
              {
                "color": "green",
                "value": null
              }
            ]
          }
        },
        "overrides": []
      },
      "gridPos": {
        "h": 14,
        "w": 24,
        "x": 0,
        "y": 140
      },
      "id": 10,
      "options": {
        "legend": {
          "calcs": [],
          "displayMode": "list",
          "placement": "bottom",
          "showLegend": true
        },
        "tooltip": {
          "mode": "multi",
          "sort": "none"
        }
      },
      "pluginVersion": "9.2.6",
      "targets": [
        {
          "datasource": {
            "type": "postgres",
            "uid": "postgres_lynus"
          },
          "format": "table",
          "group": [
            {
              "params": [
                "1d",
                "none"
              ],
              "type": "time"
            }
          ],
          "hide": false,
          "metricColumn": "unit",
          "rawQuery": true,
          "rawSql": "SELECT\n  $__timeGroupAlias(\"time\",1d),\n  unit AS metric,\n  SUM(value*1/720) AS \"3601 prgGrid.lrPowerGrid\"\nFROM public.measurements\nWHERE\n  $__timeFilter(\"time\") AND\n  variable = 3601\nGROUP BY 1,2\nORDER BY 1,2",
          "refId": "A",
          "select": [
            [
              {
                "params": [
                  "value"
                ],
                "type": "column"
              },
              {
                "params": [
                  "sum"
                ],
                "type": "aggregate"
              },
              {
                "params": [
                  "3601 prgGrid.lrPowerGrid"
                ],
                "type": "alias"
              }
            ]
          ],
          "table": "public.measurements",
          "timeColumn": "\"time\"",
          "timeColumnType": "timestamptz",
          "where": [
            {
              "name": "$__timeFilter",
              "params": [],
              "type": "macro"
            },
            {
              "datatype": "int8",
              "name": "",
              "params": [
                "variable",
                "=",
                "3601"
              ],
              "type": "expression"
            }
          ]
        }
      ],
      "title": "PTM kWh (kalkuliert über kW --> nicht perfekt)",
      "type": "timeseries"
    }
  ],
  "refresh": "5s",
  "schemaVersion": 37,
  "style": "dark",
  "tags": [],
  "templating": {
    "list": []
  },
  "time": {
    "from": "now-1h",
    "to": "now"
  },
  "timepicker": {},
  "timezone": "",
  "title": "BMS PTM",
  "uid": "NfNFgsvVk",
  "version": 5,
  "weekStart": ""
}