{
  "annotations": {
    "list": [
      {
        "builtIn": 1,
        "datasource": {
          "type": "grafana",
          "uid": "-- Grafana --"
        },
        "enable": true,
        "hide": true,
        "iconColor": "rgba(0, 211, 255, 1)",
        "name": "Annotations & Alerts",
        "target": {
          "limit": 100,
          "matchAny": false,
          "tags": [],
          "type": "dashboard"
        },
        "type": "dashboard"
      }
    ]
  },
  "editable": true,
  "fiscalYearStartMonth": 0,
  "graphTooltip": 0,
  "id": 20,
  "links": [],
  "liveNow": false,
  "panels": [
    {
      "datasource": {
        "type": "postgres",
        "uid": "postgres_lynus"
      },
      "description": "",
      "fieldConfig": {
        "defaults": {
          "color": {
            "mode": "palette-classic"
          },
          "custom": {
            "axisCenteredZero": false,
            "axisColorMode": "text",
            "axisLabel": "",
            "axisPlacement": "auto",
            "barAlignment": 0,
            "drawStyle": "line",
            "fillOpacity": 0,
            "gradientMode": "none",
            "hideFrom": {
              "legend": false,
              "tooltip": false,
              "viz": false
            },
            "lineInterpolation": "linear",
            "lineWidth": 1,
            "pointSize": 5,
            "scaleDistribution": {
              "type": "linear"
            },
            "showPoints": "auto",
            "spanNulls": false,
            "stacking": {
              "group": "A",
              "mode": "none"
            },
            "thresholdsStyle": {
              "mode": "off"
            }
          },
          "mappings": [],
          "thresholds": {
            "mode": "absolute",
            "steps": [
              {
                "color": "green",
                "value": null
              }
            ]
          }
        },
        "overrides": [
          {
            "matcher": {
              "id": "byFrameRefID",
              "options": "A"
            },
            "properties": [
              {
                "id": "displayName",
                "value": "3089 OptimierteVorlauftemperatur"
              }
            ]
          },
          {
            "matcher": {
              "id": "byFrameRefID",
              "options": "B"
            },
            "properties": [
              {
                "id": "displayName",
                "value": "3104 Vorlauftemperatur"
              }
            ]
          }
        ]
      },
      "gridPos": {
        "h": 12,
        "w": 24,
        "x": 0,
        "y": 0
      },
      "id": 2,
      "options": {
        "legend": {
          "calcs": [],
          "displayMode": "list",
          "placement": "bottom",
          "showLegend": true
        },
        "tooltip": {
          "mode": "multi",
          "sort": "none"
        }
      },
      "targets": [
        {
          "datasource": {
            "type": "postgres",
            "uid": "postgres_lynus"
          },
          "format": "time_series",
          "group": [
            {
              "params": [
                "10s",
                "previous"
              ],
              "type": "time"
            }
          ],
          "hide": false,
          "metricColumn": "unit",
          "rawQuery": false,
          "rawSql": "SELECT\n  $__timeGroupAlias(\"time\",10s,previous),\n  unit AS metric,\n  avg(value) AS \"value\"\nFROM public.measurements\nWHERE\n  $__timeFilter(\"time\") AND\n  variable = 3089\nGROUP BY 1,2\nORDER BY 1,2",
          "refId": "A",
          "select": [
            [
              {
                "params": [
                  "value"
                ],
                "type": "column"
              },
              {
                "params": [
                  "avg"
                ],
                "type": "aggregate"
              },
              {
                "params": [
                  "value"
                ],
                "type": "alias"
              }
            ]
          ],
          "table": "public.measurements",
          "timeColumn": "\"time\"",
          "timeColumnType": "timestamptz",
          "where": [
            {
              "name": "$__timeFilter",
              "params": [],
              "type": "macro"
            },
            {
              "datatype": "int8",
              "name": "",
              "params": [
                "variable",
                "=",
                "3089"
              ],
              "type": "expression"
            }
          ]
        },
        {
          "datasource": {
            "type": "postgres",
            "uid": "postgres_lynus"
          },
          "format": "time_series",
          "group": [
            {
              "params": [
                "10s",
                "previous"
              ],
              "type": "time"
            }
          ],
          "hide": false,
          "metricColumn": "unit",
          "rawQuery": false,
          "rawSql": "SELECT\n  $__timeGroupAlias(\"time\",10s,previous),\n  unit AS metric,\n  avg(value) AS \"value\"\nFROM public.measurements\nWHERE\n  $__timeFilter(\"time\") AND\n  variable = 3104\nGROUP BY 1,2\nORDER BY 1,2",
          "refId": "B",
          "select": [
            [
              {
                "params": [
                  "value"
                ],
                "type": "column"
              },
              {
                "params": [
                  "avg"
                ],
                "type": "aggregate"
              },
              {
                "params": [
                  "value"
                ],
                "type": "alias"
              }
            ]
          ],
          "table": "public.measurements",
          "timeColumn": "\"time\"",
          "timeColumnType": "timestamptz",
          "where": [
            {
              "name": "$__timeFilter",
              "params": [],
              "type": "macro"
            },
            {
              "datatype": "int8",
              "name": "",
              "params": [
                "variable",
                "=",
                "3104"
              ],
              "type": "expression"
            }
          ]
        }
      ],
      "title": "Vorlauf und Optimierter Vorlauf",
      "type": "timeseries"
    },
    {
      "datasource": {
        "type": "postgres",
        "uid": "postgres_lynus"
      },
      "description": "",
      "fieldConfig": {
        "defaults": {
          "color": {
            "mode": "palette-classic"
          },
          "custom": {
            "axisCenteredZero": false,
            "axisColorMode": "text",
            "axisLabel": "",
            "axisPlacement": "auto",
            "barAlignment": 0,
            "drawStyle": "line",
            "fillOpacity": 0,
            "gradientMode": "none",
            "hideFrom": {
              "legend": false,
              "tooltip": false,
              "viz": false
            },
            "lineInterpolation": "linear",
            "lineWidth": 1,
            "pointSize": 5,
            "scaleDistribution": {
              "type": "linear"
            },
            "showPoints": "auto",
            "spanNulls": false,
            "stacking": {
              "group": "A",
              "mode": "none"
            },
            "thresholdsStyle": {
              "mode": "off"
            }
          },
          "mappings": [],
          "thresholds": {
            "mode": "absolute",
            "steps": [
              {
                "color": "green",
                "value": null
              }
            ]
          }
        },
        "overrides": [
          {
            "matcher": {
              "id": "byFrameRefID",
              "options": "A"
            },
            "properties": [
              {
                "id": "displayName",
                "value": "3912 RaumtemperaturTurnsaal"
              }
            ]
          },
          {
            "matcher": {
              "id": "byFrameRefID",
              "options": "B"
            },
            "properties": [
              {
                "id": "displayName",
                "value": "3913 VorlauftemperaturTurnsaal"
              }
            ]
          },
          {
            "matcher": {
              "id": "byFrameRefID",
              "options": "C"
            },
            "properties": [
              {
                "id": "displayName",
                "value": "4028 OptimierteVorlauftemperaturTurnsaal"
              }
            ]
          }
        ]
      },
      "gridPos": {
        "h": 12,
        "w": 24,
        "x": 0,
        "y": 12
      },
      "id": 5,
      "options": {
        "legend": {
          "calcs": [],
          "displayMode": "list",
          "placement": "bottom",
          "showLegend": true
        },
        "tooltip": {
          "mode": "multi",
          "sort": "none"
        }
      },
      "targets": [
        {
          "datasource": {
            "type": "postgres",
            "uid": "postgres_lynus"
          },
          "format": "time_series",
          "group": [
            {
              "params": [
                "10s",
                "previous"
              ],
              "type": "time"
            }
          ],
          "hide": false,
          "metricColumn": "unit",
          "rawQuery": false,
          "rawSql": "SELECT\n  $__timeGroupAlias(\"time\",10s,previous),\n  unit AS metric,\n  avg(value) AS \"value\"\nFROM public.measurements\nWHERE\n  $__timeFilter(\"time\") AND\n  variable = 3912\nGROUP BY 1,2\nORDER BY 1,2",
          "refId": "A",
          "select": [
            [
              {
                "params": [
                  "value"
                ],
                "type": "column"
              },
              {
                "params": [
                  "avg"
                ],
                "type": "aggregate"
              },
              {
                "params": [
                  "value"
                ],
                "type": "alias"
              }
            ]
          ],
          "table": "public.measurements",
          "timeColumn": "\"time\"",
          "timeColumnType": "timestamptz",
          "where": [
            {
              "name": "$__timeFilter",
              "params": [],
              "type": "macro"
            },
            {
              "datatype": "int8",
              "name": "",
              "params": [
                "variable",
                "=",
                "3912"
              ],
              "type": "expression"
            }
          ]
        },
        {
          "datasource": {
            "type": "postgres",
            "uid": "postgres_lynus"
          },
          "format": "time_series",
          "group": [
            {
              "params": [
                "10s",
                "previous"
              ],
              "type": "time"
            }
          ],
          "hide": false,
          "metricColumn": "unit",
          "rawQuery": false,
          "rawSql": "SELECT\n  $__timeGroupAlias(\"time\",10s,previous),\n  unit AS metric,\n  avg(value) AS \"value\"\nFROM public.measurements\nWHERE\n  $__timeFilter(\"time\") AND\n  variable = 3913\nGROUP BY 1,2\nORDER BY 1,2",
          "refId": "B",
          "select": [
            [
              {
                "params": [
                  "value"
                ],
                "type": "column"
              },
              {
                "params": [
                  "avg"
                ],
                "type": "aggregate"
              },
              {
                "params": [
                  "value"
                ],
                "type": "alias"
              }
            ]
          ],
          "table": "public.measurements",
          "timeColumn": "\"time\"",
          "timeColumnType": "timestamptz",
          "where": [
            {
              "name": "$__timeFilter",
              "params": [],
              "type": "macro"
            },
            {
              "datatype": "int8",
              "name": "",
              "params": [
                "variable",
                "=",
                "3913"
              ],
              "type": "expression"
            }
          ]
        },
        {
          "datasource": {
            "type": "postgres",
            "uid": "postgres_lynus"
          },
          "format": "time_series",
          "group": [
            {
              "params": [
                "10s",
                "previous"
              ],
              "type": "time"
            }
          ],
          "hide": false,
          "metricColumn": "unit",
          "rawQuery": false,
          "rawSql": "SELECT\n  $__timeGroupAlias(\"time\",10s,previous),\n  unit AS metric,\n  avg(value) AS \"value\"\nFROM public.measurements\nWHERE\n  $__timeFilter(\"time\") AND\n  variable = 4028\nGROUP BY 1,2\nORDER BY 1,2",
          "refId": "C",
          "select": [
            [
              {
                "params": [
                  "value"
                ],
                "type": "column"
              },
              {
                "params": [
                  "avg"
                ],
                "type": "aggregate"
              },
              {
                "params": [
                  "value"
                ],
                "type": "alias"
              }
            ]
          ],
          "table": "public.measurements",
          "timeColumn": "\"time\"",
          "timeColumnType": "timestamptz",
          "where": [
            {
              "name": "$__timeFilter",
              "params": [],
              "type": "macro"
            },
            {
              "datatype": "int8",
              "name": "",
              "params": [
                "variable",
                "=",
                "4028"
              ],
              "type": "expression"
            }
          ]
        }
      ],
      "title": "Turnsaal: Raum & Vorlauf & Optimierter Vorlauf",
      "type": "timeseries"
    },
    {
      "datasource": {
        "type": "postgres",
        "uid": "postgres_lynus"
      },
      "description": "",
      "fieldConfig": {
        "defaults": {
          "color": {
            "mode": "palette-classic"
          },
          "custom": {
            "axisCenteredZero": false,
            "axisColorMode": "text",
            "axisLabel": "",
            "axisPlacement": "auto",
            "barAlignment": 0,
            "drawStyle": "line",
            "fillOpacity": 0,
            "gradientMode": "none",
            "hideFrom": {
              "legend": false,
              "tooltip": false,
              "viz": false
            },
            "lineInterpolation": "linear",
            "lineWidth": 1,
            "pointSize": 5,
            "scaleDistribution": {
              "type": "linear"
            },
            "showPoints": "auto",
            "spanNulls": false,
            "stacking": {
              "group": "A",
              "mode": "none"
            },
            "thresholdsStyle": {
              "mode": "off"
            }
          },
          "mappings": [],
          "thresholds": {
            "mode": "absolute",
            "steps": [
              {
                "color": "green",
                "value": null
              }
            ]
          }
        },
        "overrides": [
          {
            "matcher": {
              "id": "byFrameRefID",
              "options": "A"
            },
            "properties": [
              {
                "id": "displayName",
                "value": "3105 Raumtemperatur1"
              }
            ]
          },
          {
            "matcher": {
              "id": "byFrameRefID",
              "options": "C"
            },
            "properties": [
              {
                "id": "displayName",
                "value": "3091 Raumtemperatur3"
              }
            ]
          },
          {
            "matcher": {
              "id": "byFrameRefID",
              "options": "D"
            },
            "properties": [
              {
                "id": "displayName",
                "value": "3092 Raumtemperatur4"
              }
            ]
          },
          {
            "matcher": {
              "id": "byFrameRefID",
              "options": "B"
            },
            "properties": [
              {
                "id": "displayName",
                "value": "3106 Raumtemperatur2"
              }
            ]
          },
          {
            "matcher": {
              "id": "byFrameRefID",
              "options": "E"
            },
            "properties": [
              {
                "id": "displayName",
                "value": "3093 Raumtemperatur5"
              }
            ]
          },
          {
            "matcher": {
              "id": "byFrameRefID",
              "options": "F"
            },
            "properties": [
              {
                "id": "displayName",
                "value": "3094 Raumtemperatur6"
              }
            ]
          },
          {
            "matcher": {
              "id": "byFrameRefID",
              "options": "G"
            },
            "properties": [
              {
                "id": "displayName",
                "value": "3095 Raumtemperatur7"
              }
            ]
          }
        ]
      },
      "gridPos": {
        "h": 12,
        "w": 24,
        "x": 0,
        "y": 24
      },
      "id": 4,
      "options": {
        "legend": {
          "calcs": [],
          "displayMode": "list",
          "placement": "bottom",
          "showLegend": true
        },
        "tooltip": {
          "mode": "multi",
          "sort": "none"
        }
      },
      "targets": [
        {
          "datasource": {
            "type": "postgres",
            "uid": "postgres_lynus"
          },
          "format": "time_series",
          "group": [
            {
              "params": [
                "10s",
                "previous"
              ],
              "type": "time"
            }
          ],
          "hide": false,
          "metricColumn": "unit",
          "rawQuery": false,
          "rawSql": "SELECT\n  $__timeGroupAlias(\"time\",10s,previous),\n  unit AS metric,\n  avg(value) AS \"value\"\nFROM public.measurements\nWHERE\n  $__timeFilter(\"time\") AND\n  variable = 3105\nGROUP BY 1,2\nORDER BY 1,2",
          "refId": "A",
          "select": [
            [
              {
                "params": [
                  "value"
                ],
                "type": "column"
              },
              {
                "params": [
                  "avg"
                ],
                "type": "aggregate"
              },
              {
                "params": [
                  "value"
                ],
                "type": "alias"
              }
            ]
          ],
          "table": "public.measurements",
          "timeColumn": "\"time\"",
          "timeColumnType": "timestamptz",
          "where": [
            {
              "name": "$__timeFilter",
              "params": [],
              "type": "macro"
            },
            {
              "datatype": "int8",
              "name": "",
              "params": [
                "variable",
                "=",
                "3105"
              ],
              "type": "expression"
            }
          ]
        },
        {
          "datasource": {
            "type": "postgres",
            "uid": "postgres_lynus"
          },
          "format": "time_series",
          "group": [
            {
              "params": [
                "10s",
                "previous"
              ],
              "type": "time"
            }
          ],
          "hide": false,
          "metricColumn": "unit",
          "rawQuery": false,
          "rawSql": "SELECT\n  $__timeGroupAlias(\"time\",10s,previous),\n  unit AS metric,\n  avg(value) AS \"value\"\nFROM public.measurements\nWHERE\n  $__timeFilter(\"time\") AND\n  variable = 3106\nGROUP BY 1,2\nORDER BY 1,2",
          "refId": "B",
          "select": [
            [
              {
                "params": [
                  "value"
                ],
                "type": "column"
              },
              {
                "params": [
                  "avg"
                ],
                "type": "aggregate"
              },
              {
                "params": [
                  "value"
                ],
                "type": "alias"
              }
            ]
          ],
          "table": "public.measurements",
          "timeColumn": "\"time\"",
          "timeColumnType": "timestamptz",
          "where": [
            {
              "name": "$__timeFilter",
              "params": [],
              "type": "macro"
            },
            {
              "datatype": "int8",
              "name": "",
              "params": [
                "variable",
                "=",
                "3106"
              ],
              "type": "expression"
            }
          ]
        },
        {
          "datasource": {
            "type": "postgres",
            "uid": "postgres_lynus"
          },
          "format": "time_series",
          "group": [
            {
              "params": [
                "10s",
                "previous"
              ],
              "type": "time"
            }
          ],
          "hide": false,
          "metricColumn": "unit",
          "rawQuery": false,
          "rawSql": "SELECT\n  $__timeGroupAlias(\"time\",10s,previous),\n  unit AS metric,\n  avg(value) AS \"value\"\nFROM public.measurements\nWHERE\n  $__timeFilter(\"time\") AND\n  variable = 3091\nGROUP BY 1,2\nORDER BY 1,2",
          "refId": "C",
          "select": [
            [
              {
                "params": [
                  "value"
                ],
                "type": "column"
              },
              {
                "params": [
                  "avg"
                ],
                "type": "aggregate"
              },
              {
                "params": [
                  "value"
                ],
                "type": "alias"
              }
            ]
          ],
          "table": "public.measurements",
          "timeColumn": "\"time\"",
          "timeColumnType": "timestamptz",
          "where": [
            {
              "name": "$__timeFilter",
              "params": [],
              "type": "macro"
            },
            {
              "datatype": "int8",
              "name": "",
              "params": [
                "variable",
                "=",
                "3091"
              ],
              "type": "expression"
            }
          ]
        },
        {
          "datasource": {
            "type": "postgres",
            "uid": "postgres_lynus"
          },
          "format": "time_series",
          "group": [
            {
              "params": [
                "10s",
                "previous"
              ],
              "type": "time"
            }
          ],
          "hide": false,
          "metricColumn": "unit",
          "rawQuery": false,
          "rawSql": "SELECT\n  $__timeGroupAlias(\"time\",10s,previous),\n  unit AS metric,\n  avg(value) AS \"value\"\nFROM public.measurements\nWHERE\n  $__timeFilter(\"time\") AND\n  variable = 3092\nGROUP BY 1,2\nORDER BY 1,2",
          "refId": "D",
          "select": [
            [
              {
                "params": [
                  "value"
                ],
                "type": "column"
              },
              {
                "params": [
                  "avg"
                ],
                "type": "aggregate"
              },
              {
                "params": [
                  "value"
                ],
                "type": "alias"
              }
            ]
          ],
          "table": "public.measurements",
          "timeColumn": "\"time\"",
          "timeColumnType": "timestamptz",
          "where": [
            {
              "name": "$__timeFilter",
              "params": [],
              "type": "macro"
            },
            {
              "datatype": "int8",
              "name": "",
              "params": [
                "variable",
                "=",
                "3092"
              ],
              "type": "expression"
            }
          ]
        },
        {
          "datasource": {
            "type": "postgres",
            "uid": "postgres_lynus"
          },
          "format": "time_series",
          "group": [
            {
              "params": [
                "10s",
                "previous"
              ],
              "type": "time"
            }
          ],
          "hide": false,
          "metricColumn": "unit",
          "rawQuery": false,
          "rawSql": "SELECT\n  $__timeGroupAlias(\"time\",10s,previous),\n  unit AS metric,\n  avg(value) AS \"value\"\nFROM public.measurements\nWHERE\n  $__timeFilter(\"time\") AND\n  variable = 3093\nGROUP BY 1,2\nORDER BY 1,2",
          "refId": "E",
          "select": [
            [
              {
                "params": [
                  "value"
                ],
                "type": "column"
              },
              {
                "params": [
                  "avg"
                ],
                "type": "aggregate"
              },
              {
                "params": [
                  "value"
                ],
                "type": "alias"
              }
            ]
          ],
          "table": "public.measurements",
          "timeColumn": "\"time\"",
          "timeColumnType": "timestamptz",
          "where": [
            {
              "name": "$__timeFilter",
              "params": [],
              "type": "macro"
            },
            {
              "datatype": "int8",
              "name": "",
              "params": [
                "variable",
                "=",
                "3093"
              ],
              "type": "expression"
            }
          ]
        },
        {
          "datasource": {
            "type": "postgres",
            "uid": "postgres_lynus"
          },
          "format": "time_series",
          "group": [
            {
              "params": [
                "10s",
                "previous"
              ],
              "type": "time"
            }
          ],
          "hide": false,
          "metricColumn": "unit",
          "rawQuery": false,
          "rawSql": "SELECT\n  $__timeGroupAlias(\"time\",10s,previous),\n  unit AS metric,\n  avg(value) AS \"value\"\nFROM public.measurements\nWHERE\n  $__timeFilter(\"time\") AND\n  variable = 3094\nGROUP BY 1,2\nORDER BY 1,2",
          "refId": "F",
          "select": [
            [
              {
                "params": [
                  "value"
                ],
                "type": "column"
              },
              {
                "params": [
                  "avg"
                ],
                "type": "aggregate"
              },
              {
                "params": [
                  "value"
                ],
                "type": "alias"
              }
            ]
          ],
          "table": "public.measurements",
          "timeColumn": "\"time\"",
          "timeColumnType": "timestamptz",
          "where": [
            {
              "name": "$__timeFilter",
              "params": [],
              "type": "macro"
            },
            {
              "datatype": "int8",
              "name": "",
              "params": [
                "variable",
                "=",
                "3094"
              ],
              "type": "expression"
            }
          ]
        },
        {
          "datasource": {
            "type": "postgres",
            "uid": "postgres_lynus"
          },
          "format": "time_series",
          "group": [
            {
              "params": [
                "10s",
                "previous"
              ],
              "type": "time"
            }
          ],
          "hide": false,
          "metricColumn": "unit",
          "rawQuery": false,
          "rawSql": "SELECT\n  $__timeGroupAlias(\"time\",10s,previous),\n  unit AS metric,\n  avg(value) AS \"value\"\nFROM public.measurements\nWHERE\n  $__timeFilter(\"time\") AND\n  variable = 3095\nGROUP BY 1,2\nORDER BY 1,2",
          "refId": "G",
          "select": [
            [
              {
                "params": [
                  "value"
                ],
                "type": "column"
              },
              {
                "params": [
                  "avg"
                ],
                "type": "aggregate"
              },
              {
                "params": [
                  "value"
                ],
                "type": "alias"
              }
            ]
          ],
          "table": "public.measurements",
          "timeColumn": "\"time\"",
          "timeColumnType": "timestamptz",
          "where": [
            {
              "name": "$__timeFilter",
              "params": [],
              "type": "macro"
            },
            {
              "datatype": "int8",
              "name": "",
              "params": [
                "variable",
                "=",
                "3095"
              ],
              "type": "expression"
            }
          ]
        }
      ],
      "title": "Raumtemperaturen 1-7",
      "type": "timeseries"
    },
    {
      "datasource": {
        "type": "postgres",
        "uid": "postgres_lynus"
      },
      "description": "",
      "fieldConfig": {
        "defaults": {
          "color": {
            "mode": "palette-classic"
          },
          "custom": {
            "axisCenteredZero": false,
            "axisColorMode": "text",
            "axisLabel": "",
            "axisPlacement": "auto",
            "barAlignment": 0,
            "drawStyle": "line",
            "fillOpacity": 0,
            "gradientMode": "none",
            "hideFrom": {
              "legend": false,
              "tooltip": false,
              "viz": false
            },
            "lineInterpolation": "linear",
            "lineWidth": 1,
            "pointSize": 5,
            "scaleDistribution": {
              "type": "linear"
            },
            "showPoints": "auto",
            "spanNulls": false,
            "stacking": {
              "group": "A",
              "mode": "none"
            },
            "thresholdsStyle": {
              "mode": "off"
            }
          },
          "mappings": [],
          "thresholds": {
            "mode": "absolute",
            "steps": [
              {
                "color": "green",
                "value": null
              }
            ]
          }
        },
        "overrides": [
          {
            "matcher": {
              "id": "byFrameRefID",
              "options": "A"
            },
            "properties": [
              {
                "id": "displayName",
                "value": "3096 Raumtemperatur8"
              }
            ]
          },
          {
            "matcher": {
              "id": "byFrameRefID",
              "options": "B"
            },
            "properties": [
              {
                "id": "displayName",
                "value": "3097 Raumtemperatur9"
              }
            ]
          },
          {
            "matcher": {
              "id": "byFrameRefID",
              "options": "C"
            },
            "properties": [
              {
                "id": "displayName",
                "value": "3098 Raumtemperatur10"
              }
            ]
          },
          {
            "matcher": {
              "id": "byFrameRefID",
              "options": "D"
            },
            "properties": [
              {
                "id": "displayName",
                "value": "3099 Raumtemperatur11"
              }
            ]
          },
          {
            "matcher": {
              "id": "byFrameRefID",
              "options": "E"
            },
            "properties": [
              {
                "id": "displayName",
                "value": "3100 Raumtemperatur12"
              }
            ]
          },
          {
            "matcher": {
              "id": "byFrameRefID",
              "options": "F"
            },
            "properties": [
              {
                "id": "displayName",
                "value": "3101 Raumtemperatur13"
              }
            ]
          },
          {
            "matcher": {
              "id": "byFrameRefID",
              "options": "G"
            },
            "properties": [
              {
                "id": "displayName",
                "value": "3102 Raumtemperatur14"
              }
            ]
          },
          {
            "matcher": {
              "id": "byFrameRefID",
              "options": "H"
            },
            "properties": [
              {
                "id": "displayName",
                "value": "3103 Raumtemperatur15"
              }
            ]
          },
          {
            "__systemRef": "hideSeriesFrom",
            "matcher": {
              "id": "byNames",
              "options": {
                "mode": "exclude",
                "names": [
                  "3098 Raumtemperatur10",
                  "3096 Raumtemperatur8"
                ],
                "prefix": "All except:",
                "readOnly": true
              }
            },
            "properties": [
              {
                "id": "custom.hideFrom",
                "value": {
                  "legend": false,
                  "tooltip": false,
                  "viz": true
                }
              }
            ]
          }
        ]
      },
      "gridPos": {
        "h": 12,
        "w": 24,
        "x": 0,
        "y": 36
      },
      "id": 3,
      "options": {
        "legend": {
          "calcs": [],
          "displayMode": "list",
          "placement": "bottom",
          "showLegend": true
        },
        "tooltip": {
          "mode": "multi",
          "sort": "none"
        }
      },
      "targets": [
        {
          "datasource": {
            "type": "postgres",
            "uid": "postgres_lynus"
          },
          "format": "time_series",
          "group": [
            {
              "params": [
                "10s",
                "previous"
              ],
              "type": "time"
            }
          ],
          "hide": false,
          "metricColumn": "unit",
          "rawQuery": false,
          "rawSql": "SELECT\n  $__timeGroupAlias(\"time\",10s,previous),\n  unit AS metric,\n  avg(value) AS \"value\"\nFROM public.measurements\nWHERE\n  $__timeFilter(\"time\") AND\n  variable = 3096\nGROUP BY 1,2\nORDER BY 1,2",
          "refId": "A",
          "select": [
            [
              {
                "params": [
                  "value"
                ],
                "type": "column"
              },
              {
                "params": [
                  "avg"
                ],
                "type": "aggregate"
              },
              {
                "params": [
                  "value"
                ],
                "type": "alias"
              }
            ]
          ],
          "table": "public.measurements",
          "timeColumn": "\"time\"",
          "timeColumnType": "timestamptz",
          "where": [
            {
              "name": "$__timeFilter",
              "params": [],
              "type": "macro"
            },
            {
              "datatype": "int8",
              "name": "",
              "params": [
                "variable",
                "=",
                "3096"
              ],
              "type": "expression"
            }
          ]
        },
        {
          "datasource": {
            "type": "postgres",
            "uid": "postgres_lynus"
          },
          "format": "time_series",
          "group": [
            {
              "params": [
                "10s",
                "previous"
              ],
              "type": "time"
            }
          ],
          "hide": false,
          "metricColumn": "unit",
          "rawQuery": false,
          "rawSql": "SELECT\n  $__timeGroupAlias(\"time\",10s,previous),\n  unit AS metric,\n  avg(value) AS \"value\"\nFROM public.measurements\nWHERE\n  $__timeFilter(\"time\") AND\n  variable = 3097\nGROUP BY 1,2\nORDER BY 1,2",
          "refId": "B",
          "select": [
            [
              {
                "params": [
                  "value"
                ],
                "type": "column"
              },
              {
                "params": [
                  "avg"
                ],
                "type": "aggregate"
              },
              {
                "params": [
                  "value"
                ],
                "type": "alias"
              }
            ]
          ],
          "table": "public.measurements",
          "timeColumn": "\"time\"",
          "timeColumnType": "timestamptz",
          "where": [
            {
              "name": "$__timeFilter",
              "params": [],
              "type": "macro"
            },
            {
              "datatype": "int8",
              "name": "",
              "params": [
                "variable",
                "=",
                "3097"
              ],
              "type": "expression"
            }
          ]
        },
        {
          "datasource": {
            "type": "postgres",
            "uid": "postgres_lynus"
          },
          "format": "time_series",
          "group": [
            {
              "params": [
                "10s",
                "previous"
              ],
              "type": "time"
            }
          ],
          "hide": false,
          "metricColumn": "unit",
          "rawQuery": false,
          "rawSql": "SELECT\n  $__timeGroupAlias(\"time\",10s,previous),\n  unit AS metric,\n  avg(value) AS \"value\"\nFROM public.measurements\nWHERE\n  $__timeFilter(\"time\") AND\n  variable = 3098\nGROUP BY 1,2\nORDER BY 1,2",
          "refId": "C",
          "select": [
            [
              {
                "params": [
                  "value"
                ],
                "type": "column"
              },
              {
                "params": [
                  "avg"
                ],
                "type": "aggregate"
              },
              {
                "params": [
                  "value"
                ],
                "type": "alias"
              }
            ]
          ],
          "table": "public.measurements",
          "timeColumn": "\"time\"",
          "timeColumnType": "timestamptz",
          "where": [
            {
              "name": "$__timeFilter",
              "params": [],
              "type": "macro"
            },
            {
              "datatype": "int8",
              "name": "",
              "params": [
                "variable",
                "=",
                "3098"
              ],
              "type": "expression"
            }
          ]
        },
        {
          "datasource": {
            "type": "postgres",
            "uid": "postgres_lynus"
          },
          "format": "time_series",
          "group": [
            {
              "params": [
                "10s",
                "previous"
              ],
              "type": "time"
            }
          ],
          "hide": false,
          "metricColumn": "unit",
          "rawQuery": false,
          "rawSql": "SELECT\n  $__timeGroupAlias(\"time\",10s,previous),\n  unit AS metric,\n  avg(value) AS \"value\"\nFROM public.measurements\nWHERE\n  $__timeFilter(\"time\") AND\n  variable = 3099\nGROUP BY 1,2\nORDER BY 1,2",
          "refId": "D",
          "select": [
            [
              {
                "params": [
                  "value"
                ],
                "type": "column"
              },
              {
                "params": [
                  "avg"
                ],
                "type": "aggregate"
              },
              {
                "params": [
                  "value"
                ],
                "type": "alias"
              }
            ]
          ],
          "table": "public.measurements",
          "timeColumn": "\"time\"",
          "timeColumnType": "timestamptz",
          "where": [
            {
              "name": "$__timeFilter",
              "params": [],
              "type": "macro"
            },
            {
              "datatype": "int8",
              "name": "",
              "params": [
                "variable",
                "=",
                "3099"
              ],
              "type": "expression"
            }
          ]
        },
        {
          "datasource": {
            "type": "postgres",
            "uid": "postgres_lynus"
          },
          "format": "time_series",
          "group": [
            {
              "params": [
                "10s",
                "previous"
              ],
              "type": "time"
            }
          ],
          "hide": false,
          "metricColumn": "unit",
          "rawQuery": false,
          "rawSql": "SELECT\n  $__timeGroupAlias(\"time\",10s,previous),\n  unit AS metric,\n  avg(value) AS \"value\"\nFROM public.measurements\nWHERE\n  $__timeFilter(\"time\") AND\n  variable = 3100\nGROUP BY 1,2\nORDER BY 1,2",
          "refId": "E",
          "select": [
            [
              {
                "params": [
                  "value"
                ],
                "type": "column"
              },
              {
                "params": [
                  "avg"
                ],
                "type": "aggregate"
              },
              {
                "params": [
                  "value"
                ],
                "type": "alias"
              }
            ]
          ],
          "table": "public.measurements",
          "timeColumn": "\"time\"",
          "timeColumnType": "timestamptz",
          "where": [
            {
              "name": "$__timeFilter",
              "params": [],
              "type": "macro"
            },
            {
              "datatype": "int8",
              "name": "",
              "params": [
                "variable",
                "=",
                "3100"
              ],
              "type": "expression"
            }
          ]
        },
        {
          "datasource": {
            "type": "postgres",
            "uid": "postgres_lynus"
          },
          "format": "time_series",
          "group": [
            {
              "params": [
                "10s",
                "previous"
              ],
              "type": "time"
            }
          ],
          "hide": false,
          "metricColumn": "unit",
          "rawQuery": false,
          "rawSql": "SELECT\n  $__timeGroupAlias(\"time\",10s,previous),\n  unit AS metric,\n  avg(value) AS \"value\"\nFROM public.measurements\nWHERE\n  $__timeFilter(\"time\") AND\n  variable = 3101\nGROUP BY 1,2\nORDER BY 1,2",
          "refId": "F",
          "select": [
            [
              {
                "params": [
                  "value"
                ],
                "type": "column"
              },
              {
                "params": [
                  "avg"
                ],
                "type": "aggregate"
              },
              {
                "params": [
                  "value"
                ],
                "type": "alias"
              }
            ]
          ],
          "table": "public.measurements",
          "timeColumn": "\"time\"",
          "timeColumnType": "timestamptz",
          "where": [
            {
              "name": "$__timeFilter",
              "params": [],
              "type": "macro"
            },
            {
              "datatype": "int8",
              "name": "",
              "params": [
                "variable",
                "=",
                "3101"
              ],
              "type": "expression"
            }
          ]
        },
        {
          "datasource": {
            "type": "postgres",
            "uid": "postgres_lynus"
          },
          "format": "time_series",
          "group": [
            {
              "params": [
                "10s",
                "previous"
              ],
              "type": "time"
            }
          ],
          "hide": false,
          "metricColumn": "unit",
          "rawQuery": false,
          "rawSql": "SELECT\n  $__timeGroupAlias(\"time\",10s,previous),\n  unit AS metric,\n  avg(value) AS \"value\"\nFROM public.measurements\nWHERE\n  $__timeFilter(\"time\") AND\n  variable = 3102\nGROUP BY 1,2\nORDER BY 1,2",
          "refId": "G",
          "select": [
            [
              {
                "params": [
                  "value"
                ],
                "type": "column"
              },
              {
                "params": [
                  "avg"
                ],
                "type": "aggregate"
              },
              {
                "params": [
                  "value"
                ],
                "type": "alias"
              }
            ]
          ],
          "table": "public.measurements",
          "timeColumn": "\"time\"",
          "timeColumnType": "timestamptz",
          "where": [
            {
              "name": "$__timeFilter",
              "params": [],
              "type": "macro"
            },
            {
              "datatype": "int8",
              "name": "",
              "params": [
                "variable",
                "=",
                "3102"
              ],
              "type": "expression"
            }
          ]
        },
        {
          "datasource": {
            "type": "postgres",
            "uid": "postgres_lynus"
          },
          "format": "time_series",
          "group": [
            {
              "params": [
                "10s",
                "previous"
              ],
              "type": "time"
            }
          ],
          "hide": false,
          "metricColumn": "unit",
          "rawQuery": false,
          "rawSql": "SELECT\n  $__timeGroupAlias(\"time\",10s,previous),\n  unit AS metric,\n  avg(value) AS \"value\"\nFROM public.measurements\nWHERE\n  $__timeFilter(\"time\") AND\n  variable = 3103\nGROUP BY 1,2\nORDER BY 1,2",
          "refId": "H",
          "select": [
            [
              {
                "params": [
                  "value"
                ],
                "type": "column"
              },
              {
                "params": [
                  "avg"
                ],
                "type": "aggregate"
              },
              {
                "params": [
                  "value"
                ],
                "type": "alias"
              }
            ]
          ],
          "table": "public.measurements",
          "timeColumn": "\"time\"",
          "timeColumnType": "timestamptz",
          "where": [
            {
              "name": "$__timeFilter",
              "params": [],
              "type": "macro"
            },
            {
              "datatype": "int8",
              "name": "",
              "params": [
                "variable",
                "=",
                "3103"
              ],
              "type": "expression"
            }
          ]
        }
      ],
      "title": "Raumtemperaturen 8+14",
      "type": "timeseries"
    }
  ],
  "refresh": "5s",
  "schemaVersion": 37,
  "style": "dark",
  "tags": [],
  "templating": {
    "list": []
  },
  "time": {
    "from": "now-6h",
    "to": "now"
  },
  "timepicker": {},
  "timezone": "",
  "title": "VS Asperhofen",
  "uid": "f39tzSHVz",
  "version": 3,
  "weekStart": ""
}